contract_name,contract_price,customer_id,provider_id
Contract About Car,54,26,19
Contract About Car,62,46,18
Contract About Car,86,40,10
Contract About Car,55,22,14
Contract About Car,51,18,3
Contract About Car,80,23,10
Contract About Car,53,1,2
Contract About Car,56,9,9
Contract About Car,79,10,8
Contract About Car,59,46,4
Contract About Car,95,45,18
Contract About Car,72,23,12
Contract About Car,64,29,5
Contract About Car,71,18,20
Contract About Car,62,24,6
Contract About Car,91,64,1
Contract About Car,67,65,6
Contract About Car,89,57,3
Contract About Car,66,4,17
Contract About Car,98,69,5
Contract About Car,89,18,6
Contract About Car,91,13,3
Contract About Car,50,8,7
Contract About Car,58,6,12
Contract About Car,59,25,20
Contract About Car,66,27,16
Contract About Car,72,63,8
Contract About Car,50,64,9
Contract About Car,54,51,20
Contract About Car,52,35,10
Contract About Car,73,3,1
Contract About Car,95,50,15
Contract About Car,90,7,4
Contract About Car,100,39,18
Contract About Car,51,69,12
Contract About Car,50,34,15
Contract About Car,96,69,19
Contract About Car,87,46,9
Contract About Car,98,33,20
Contract About Car,77,43,6
Contract About Car,98,55,7
Contract About Car,61,71,14
Contract About Car,92,28,18
Contract About Car,51,76,3
Contract About Car,68,4,8
Contract About Car,97,25,16
Contract About Car,98,29,7
Contract About Car,95,45,3
Contract About Car,75,12,17
Contract About Car,93,12,13
Contract About Car,89,32,15
Contract About Car,100,57,19
Contract About Car,73,51,17
Contract About Car,50,50,10
Contract About Car,95,29,10
Contract About Car,73,15,15
Contract About Car,88,49,19
Contract About Car,80,78,14
Contract About Car,66,78,20
Contract About Car,75,21,17
Contract About Car,71,3,13
Contract About Car,61,2,1
Contract About Car,63,63,18
Contract About Car,79,72,2
Contract About Car,92,62,19
Contract About Car,80,65,15
Contract About Car,78,28,1
Contract About Car,77,77,14
Contract About Car,79,77,5
Contract About Car,75,2,2
Contract About Car,86,8,20
Contract About Car,68,8,9
Contract About Car,75,3,12
Contract About Car,55,5,15
Contract About Car,67,43,15
Contract About Car,71,59,3
Contract About Car,84,16,15
Contract About Car,73,72,20
Contract About Car,74,41,19
Contract About Car,71,50,18
Contract About Car,58,31,9
Contract About Car,92,3,17
Contract About Car,55,30,20
Contract About Car,75,26,18
Contract About Car,79,6,11
Contract About Car,87,4,2
Contract About Car,97,62,8
Contract About Car,92,14,11
Contract About Car,60,79,10
Contract About Car,65,78,10
Contract About Car,83,47,13
Contract About Car,87,51,7
Contract About Car,73,6,7
Contract About Car,82,52,9
Contract About Car,57,13,1
Contract About Car,57,18,3
Contract About Car,85,50,5
Contract About Car,88,50,9
Contract About Car,60,7,16
Contract About Car,97,20,10
Contract About Car,55,43,3
Contract About Car,99,56,16
Contract About Car,85,70,2
Contract About Car,80,75,15
Contract About Car,81,3,10
Contract About Car,61,29,15
Contract About Car,50,54,19
Contract About Car,77,39,9
Contract About Car,88,19,2
Contract About Car,51,59,17
Contract About Car,88,15,4
Contract About Car,100,1,6
Contract About Car,76,54,10
Contract About Car,85,4,11
Contract About Car,100,2,11
Contract About Car,56,16,9
Contract About Car,94,41,18
Contract About Car,79,64,14
Contract About Car,100,19,20
Contract About Car,52,78,4
Contract About Car,82,66,11
Contract About Car,57,38,19
Contract About Car,53,36,14
Contract About Car,53,53,6
Contract About Car,82,47,2
Contract About Car,70,13,14
Contract About Car,90,63,5
Contract About Car,51,69,17
Contract About Car,81,38,15
Contract About Car,56,58,3
Contract About Car,67,1,7
Contract About Car,96,23,3
Contract About Car,98,76,18
Contract About Car,85,17,19
Contract About Car,53,61,7
Contract About Car,55,49,13
Contract About Car,94,43,15
Contract About Car,55,42,11
Contract About Car,57,63,14
Contract About Car,83,21,14
Contract About Car,97,80,18
Contract About Car,82,46,13
Contract About Car,61,5,8
Contract About Car,58,71,8
Contract About Car,54,15,16
Contract About Car,100,28,14
Contract About Car,50,20,4
Contract About Car,52,55,4
Contract About Car,87,7,4
Contract About Car,95,45,5
Contract About Car,79,63,9
Contract About Car,69,45,19
Contract About Car,97,20,10
Contract About Car,96,46,15
Contract About Car,61,57,20
Contract About Car,68,37,14
Contract About Car,57,42,6
Contract About Car,84,4,13
Contract About Car,62,31,11
Contract About Car,96,71,16
Contract About Car,82,21,1
Contract About Car,74,25,19
Contract About Car,54,53,14
Contract About Car,90,57,18
Contract About Car,62,79,15
Contract About Car,80,57,4
Contract About Car,78,65,4
Contract About Car,90,52,12
Contract About Car,76,56,14
Contract About Car,92,42,4
Contract About Car,57,33,6
Contract About Car,89,20,1
Contract About Car,98,34,9
Contract About Car,67,7,14
Contract About Car,70,78,1
Contract About Car,70,29,8
Contract About Car,91,77,20
Contract About Car,93,36,19
Contract About Car,82,39,19
Contract About Car,82,44,1
Contract About Car,99,76,19
Contract About Car,53,35,7
Contract About Car,95,55,13
Contract About Car,67,58,5
Contract About Car,61,13,6
Contract About Car,70,54,2
Contract About Car,50,43,9
Contract About Car,100,44,11
Contract About Car,78,56,4
Contract About Car,52,52,4
Contract About Car,95,33,18
Contract About Car,96,11,5
Contract About Car,64,24,5
Contract About Car,51,70,14
Contract About Car,64,28,1
Contract About Car,50,29,15
Contract About Car,78,41,8
Contract About Car,83,41,15
Contract About Car,59,80,6
Contract About Car,56,79,19
Contract About Car,78,1,9
Contract About Car,64,58,5
Contract About Car,89,44,12
Contract About Car,61,6,4
Contract About Car,75,23,12
Contract About Car,74,41,3
Contract About Car,55,3,20
Contract About Car,81,24,2
Contract About Car,100,17,6
Contract About Car,92,30,18
Contract About Car,77,54,5
Contract About Car,84,34,5
Contract About Car,61,23,11
Contract About Car,57,31,5
Contract About Car,93,76,4
Contract About Car,65,45,17
Contract About Car,69,50,8
Contract About Car,55,42,15
Contract About Car,75,39,11
Contract About Car,89,73,17
Contract About Car,66,31,11
Contract About Car,65,55,13
Contract About Car,62,55,7
Contract About Car,76,60,8
Contract About Car,51,12,9
Contract About Car,82,6,14
Contract About Car,50,43,15
Contract About Car,70,72,19
Contract About Car,91,71,17
Contract About Car,80,33,13
Contract About Car,59,2,14
Contract About Car,72,80,4
Contract About Car,64,52,17
Contract About Car,73,11,9
Contract About Car,99,22,14
Contract About Car,54,30,12
Contract About Car,90,60,5
Contract About Car,95,41,8
Contract About Car,51,51,4
Contract About Car,63,79,2
Contract About Car,56,76,11
Contract About Car,66,39,19
Contract About Car,67,45,4
Contract About Car,59,44,13
Contract About Car,96,39,10
Contract About Car,70,69,11
Contract About Car,88,23,16
Contract About Car,90,27,7
Contract About Car,84,20,13
Contract About Car,56,45,3
Contract About Apartment,82,26,11
Contract About Apartment,69,18,8
Contract About Apartment,98,5,4
Contract About Apartment,50,55,5
Contract About Apartment,50,31,11
Contract About Apartment,71,22,8
Contract About Apartment,52,56,5
Contract About Apartment,56,55,20
Contract About Apartment,86,19,17
Contract About Apartment,63,6,4
Contract About Apartment,78,7,5
Contract About Apartment,81,13,11
Contract About Apartment,84,7,2
Contract About Apartment,92,64,11
Contract About Apartment,77,19,6
Contract About Apartment,55,78,11
Contract About Apartment,83,11,5
Contract About Apartment,74,24,2
Contract About Apartment,80,14,13
Contract About Apartment,51,22,5
Contract About Apartment,73,58,2
Contract About Apartment,71,38,9
Contract About Apartment,89,38,17
Contract About Apartment,90,6,4
Contract About Apartment,79,47,8
Contract About Apartment,62,63,20
Contract About Apartment,60,49,7
Contract About Apartment,98,56,6
Contract About Apartment,53,14,10
Contract About Apartment,65,57,1
Contract About Apartment,71,61,8
Contract About Apartment,98,55,7
Contract About Apartment,81,64,1
Contract About Apartment,74,5,13
Contract About Apartment,100,22,17
Contract About Apartment,60,41,14
Contract About Apartment,94,24,9
Contract About Apartment,62,67,12
Contract About Apartment,83,36,17
Contract About Apartment,92,52,4
Contract About Apartment,94,67,13
Contract About Apartment,99,57,16
Contract About Apartment,52,42,13
Contract About Apartment,65,57,16
Contract About Apartment,93,28,2
Contract About Apartment,65,51,17
Contract About Apartment,93,78,12
Contract About Apartment,89,58,13
Contract About Apartment,64,41,1
Contract About Apartment,64,29,17
Contract About Apartment,75,54,3
Contract About Apartment,81,54,12
Contract About Apartment,67,12,5
Contract About Apartment,90,33,4
Contract About Apartment,52,43,10
Contract About Apartment,91,69,11
Contract About Apartment,56,7,18
Contract About Apartment,61,16,11
Contract About Apartment,95,69,3
Contract About Apartment,59,37,18
Contract About Apartment,96,64,16
Contract About Apartment,85,53,19
Contract About Apartment,54,40,14
Contract About Apartment,57,62,12
Contract About Apartment,88,71,12
Contract About Apartment,83,18,18
Contract About Apartment,90,37,17
Contract About Apartment,55,17,10
Contract About Apartment,63,64,6
Contract About Apartment,77,42,2
Contract About Apartment,83,13,20
Contract About Apartment,81,61,5
Contract About Apartment,89,40,4
Contract About Apartment,52,69,18
Contract About Apartment,67,78,1
Contract About Apartment,62,33,6
Contract About Apartment,72,14,17
Contract About Apartment,94,31,18
Contract About Apartment,61,78,15
Contract About Apartment,83,70,7
Contract About Apartment,74,35,4
Contract About Apartment,88,68,15
Contract About Apartment,56,26,3
Contract About Apartment,87,47,14
Contract About Apartment,95,19,14
Contract About Apartment,66,18,12
Contract About Apartment,91,14,16
Contract About Apartment,65,75,5
Contract About Apartment,73,80,12
Contract About Apartment,67,13,10
Contract About Apartment,86,36,20
Contract About Apartment,51,11,1
Contract About Apartment,74,1,8
Contract About Apartment,92,16,14
Contract About Apartment,73,63,5
Contract About Apartment,81,24,6
Contract About Apartment,59,38,17
Contract About Apartment,79,57,12
Contract About Apartment,57,28,2
Contract About Apartment,93,64,15
Contract About Apartment,91,11,11
Contract About Apartment,72,53,3
Contract About Apartment,99,55,3
Contract About Apartment,91,15,14
Contract About Apartment,68,2,11
Contract About Apartment,80,45,17
Contract About Apartment,70,36,16
Contract About Apartment,53,57,10
Contract About Apartment,99,47,14
Contract About Apartment,79,9,13
Contract About Apartment,69,33,3
Contract About Apartment,77,20,20
Contract About Apartment,58,33,4
Contract About Apartment,61,6,2
Contract About Apartment,94,58,20
Contract About Apartment,97,54,15
Contract About Apartment,95,52,18
Contract About Apartment,88,79,16
Contract About Apartment,55,66,18
Contract About Apartment,53,5,12
Contract About Apartment,91,14,5
Contract About Apartment,76,19,8
Contract About Apartment,64,6,20
Contract About Apartment,64,80,15
Contract About Apartment,77,46,18
Contract About Apartment,75,6,12
Contract About Apartment,54,80,5
Contract About Apartment,89,29,1
Contract About Apartment,87,56,18
Contract About Apartment,75,32,5
Contract About Apartment,97,57,13
Contract About Apartment,92,24,11
Contract About Apartment,67,25,5
Contract About Apartment,54,28,12
Contract About Apartment,55,61,9
Contract About Apartment,54,14,13
Contract About Apartment,66,12,10
Contract About Apartment,63,7,1
Contract About Apartment,94,19,19
Contract About Apartment,78,20,10
Contract About Apartment,80,9,18
Contract About Apartment,54,62,14
Contract About Apartment,87,25,6
Contract About Apartment,65,32,13
Contract About Apartment,74,5,4
Contract About Apartment,79,42,14
Contract About Apartment,75,58,6
Contract About Apartment,62,14,20
Contract About Apartment,64,53,19
Contract About Apartment,93,79,19
Contract About Apartment,73,56,12
Contract About Apartment,93,28,20
Contract About Apartment,57,25,15
Contract About Apartment,83,64,12
Contract About Apartment,100,35,18
Contract About Apartment,83,15,17
Contract About Apartment,70,37,16
Contract About Apartment,97,26,20
Contract About Apartment,68,48,3
Contract About Apartment,70,54,3
Contract About Apartment,55,1,17
Contract About Apartment,97,54,19
Contract About Apartment,78,64,18
Contract About Apartment,62,27,6
Contract About Apartment,96,37,5
Contract About Apartment,95,14,6
Contract About Apartment,94,22,1
Contract About Apartment,68,64,20
Contract About Apartment,72,5,2
Contract About Apartment,55,17,8
Contract About Apartment,62,15,6
Contract About Apartment,85,53,8
Contract About Apartment,64,74,1
Contract About Apartment,80,57,19
Contract About Apartment,76,44,2
Contract About Apartment,93,76,11
Contract About Apartment,70,35,7
Contract About Apartment,95,65,8
Contract About Apartment,52,17,18
Contract About Apartment,87,64,11
Contract About Apartment,61,74,2
Contract About Apartment,74,79,4
Contract About Apartment,62,14,13
Contract About Apartment,58,35,3
Contract About Apartment,52,71,6
Contract About Apartment,81,38,14
Contract About Apartment,69,66,19
Contract About Apartment,78,36,8
Contract About Apartment,76,2,10
Contract About Apartment,50,21,15
Contract About Apartment,70,9,15
Contract About Apartment,61,62,16
Contract About Apartment,70,60,8
Contract About Apartment,84,64,11
Contract About Apartment,78,6,4
Contract About Apartment,100,5,13
Contract About Apartment,53,36,15
Contract About Apartment,60,72,6
Contract About Apartment,78,77,18
Contract About Apartment,91,24,20
Contract About Apartment,66,39,10
Contract About Apartment,78,54,20
Contract About Apartment,53,75,10
Contract About Apartment,85,34,20
Contract About Apartment,69,77,17
Contract About Apartment,64,68,12
Contract About Apartment,87,47,13
Contract About Apartment,67,66,18
Contract About Mall,93,17,7
Contract About Mall,58,77,17
Contract About Mall,80,77,19
Contract About Mall,62,7,11
Contract About Mall,95,57,18
Contract About Mall,62,80,9
Contract About Mall,85,52,6
Contract About Mall,95,31,9
Contract About Mall,50,73,19
Contract About Mall,84,51,16
Contract About Mall,70,5,18
Contract About Mall,80,10,16
Contract About Mall,65,39,19
Contract About Mall,74,77,11
Contract About Mall,54,59,2
Contract About Mall,59,19,12
Contract About Mall,83,48,19
Contract About Mall,62,3,14
Contract About Mall,67,23,2
Contract About Mall,91,38,16
Contract About Mall,84,76,17
Contract About Mall,82,80,11
Contract About Mall,64,67,20
Contract About Mall,99,63,19
Contract About Mall,56,20,10
Contract About Mall,66,52,13
Contract About Mall,81,52,4
Contract About Mall,80,2,9
Contract About Mall,95,14,20
Contract About Mall,96,38,11
Contract About Mall,76,5,8
Contract About Mall,64,70,18
Contract About Mall,95,72,4
Contract About Mall,96,24,16
