rental_name,d1,avalibility,price,rating,category_id,provider_id,insurance_id,company_id
Lexus,GS 2003,NOT AVAILABLE,155,1*,6,2,4,1
Ford,F250 1994,AVAILABLE,167,2*,6,5,36,1
Lincoln,MKX 2013,NOT AVAILABLE,70,3*,6,10,48,8
Chevrolet,Suburban 2009,AVAILABLE,137,4*,6,2,55,6
Mazda,626 1999,AVAILABLE,184,5*,6,5,11,2
Saturn,S-Series 1992,NOT AVAILABLE,158,4*,6,3,8,10
Lexus,LX 2007,NOT AVAILABLE,54,3*,6,9,16,3
Subaru,XT 1986,NOT AVAILABLE,98,4*,6,6,59,6
Chrysler,Sebring 2010,NOT AVAILABLE,177,1*,6,3,8,4
Lincoln,MKZ 2012,NOT AVAILABLE,114,4*,6,2,20,5
Infiniti,FX 2003,NOT AVAILABLE,122,3*,6,2,20,2
Chrysler,LHS 1997,NOT AVAILABLE,91,5*,6,2,18,7
Volvo,V70 1999,NOT AVAILABLE,155,3*,6,8,56,6
GMC,Terrain 2012,NOT AVAILABLE,170,4*,6,4,27,10
Audi,A8 2002,AVAILABLE,38,3*,6,9,53,2
Audi,Cabriolet 1998,AVAILABLE,39,2*,6,4,60,1
Oldsmobile,Intrigue 1998,AVAILABLE,138,2*,6,8,5,7
Mercury,Mountaineer 2009,AVAILABLE,169,1*,6,10,49,3
Ford,F250 2007,AVAILABLE,87,2*,6,6,36,2
Volvo,S40 2002,NOT AVAILABLE,195,5*,6,7,40,2
Volkswagen,GLI 2008,NOT AVAILABLE,109,3*,6,2,36,6
Dodge,Journey 2009,AVAILABLE,146,3*,6,9,58,3
Mercedes-Benz,C-Class 2007,NOT AVAILABLE,151,1*,6,7,49,10
Isuzu,Rodeo 1992,NOT AVAILABLE,82,5*,6,3,41,2
Oldsmobile,88 1998,AVAILABLE,178,2*,6,5,23,10
Nissan,Quest 2000,AVAILABLE,132,3*,6,7,18,2
Maserati,GranSport 2005,AVAILABLE,119,4*,6,7,57,10
BMW,7 Series 1997,NOT AVAILABLE,64,4*,6,7,60,1
Chevrolet,Corvette 2003,NOT AVAILABLE,51,1*,6,9,29,8
Oldsmobile,Ciera 1996,NOT AVAILABLE,178,5*,6,7,47,7
Mercury,Lynx 1985,AVAILABLE,79,3*,6,7,22,2
Volvo,C30 2010,AVAILABLE,132,2*,6,8,26,5
Acura,Vigor 1993,AVAILABLE,147,4*,6,9,11,5
Hyundai,Elantra 1993,NOT AVAILABLE,101,3*,6,4,49,9
Suzuki,SJ 1994,NOT AVAILABLE,83,1*,6,2,6,3
Ford,F-Series 1993,NOT AVAILABLE,118,2*,6,6,33,4
BMW,745 2004,AVAILABLE,107,2*,6,5,6,7
Volkswagen,Jetta 2010,NOT AVAILABLE,72,5*,6,9,16,8
Nissan,240SX 1998,NOT AVAILABLE,108,2*,6,4,51,7
Nissan,Sentra 1996,AVAILABLE,92,3*,6,2,43,9
Buick,Century 1985,AVAILABLE,62,5*,6,4,18,1
Ford,F250 2002,NOT AVAILABLE,47,1*,6,9,46,5
Chevrolet,Aveo 2011,NOT AVAILABLE,170,2*,6,4,50,3
Mitsubishi,Diamante 1993,AVAILABLE,82,4*,6,5,13,5
Audi,Q5 2009,NOT AVAILABLE,78,1*,6,1,32,9
Mercedes-Benz,Sprinter 3500 2011,NOT AVAILABLE,126,2*,6,4,44,6
Ford,Ranger 1996,NOT AVAILABLE,75,3*,6,4,55,10
Lincoln,Mark VIII 1993,NOT AVAILABLE,54,5*,6,2,9,4
Mazda,MX-3 1994,AVAILABLE,76,4*,6,4,28,8
Hyundai,Genesis Coupe 2013,AVAILABLE,89,4*,6,3,54,10
BMW,Z8 2000,NOT AVAILABLE,176,2*,6,4,33,8
BMW,X5 M 2013,AVAILABLE,113,5*,6,5,5,10
GMC,Savana 1500 2003,NOT AVAILABLE,51,3*,6,2,24,3
Toyota,Supra 1994,AVAILABLE,137,2*,6,10,40,10
Toyota,Tacoma Xtra 2002,AVAILABLE,110,2*,6,1,48,1
Mercedes-Benz,500SEC 1993,NOT AVAILABLE,125,3*,6,8,39,2
Hyundai,Santa Fe 2009,NOT AVAILABLE,72,3*,6,6,3,3
Chevrolet,S10 2002,AVAILABLE,138,4*,6,3,1,3
Chrysler,Town & Country 1999,NOT AVAILABLE,186,1*,6,5,34,3
Toyota,RAV4 2004,NOT AVAILABLE,178,2*,6,2,31,1
Mitsubishi,Challenger 2001,AVAILABLE,116,5*,6,3,8,9
Honda,CR-V 2002,NOT AVAILABLE,63,4*,6,9,41,8
Land Rover,Range Rover 2012,AVAILABLE,154,2*,6,1,45,4
Mercedes-Benz,M-Class 2007,NOT AVAILABLE,56,2*,6,1,40,7
Jaguar,XK 2007,NOT AVAILABLE,135,5*,6,7,16,5
Nissan,Altima 1999,NOT AVAILABLE,57,4*,6,2,37,1
Chevrolet,Express 3500 2003,AVAILABLE,195,1*,6,7,18,4
BMW,Z4 2009,NOT AVAILABLE,104,4*,6,9,13,4
Buick,Regal 2012,NOT AVAILABLE,182,1*,6,8,24,9
Pontiac,6000 1991,AVAILABLE,104,4*,6,2,15,5
Ford,Econoline E250 1992,NOT AVAILABLE,67,3*,6,4,27,9
Toyota,Solara 2004,NOT AVAILABLE,30,2*,6,2,45,4
Ford,Excursion 2003,AVAILABLE,150,1*,6,9,20,1
Dodge,Grand Caravan 2011,NOT AVAILABLE,76,5*,6,5,26,6
Toyota,Sequoia 2012,AVAILABLE,196,4*,6,10,4,3
Subaru,Legacy 2007,NOT AVAILABLE,102,1*,6,4,1,7
Toyota,MR2 2002,NOT AVAILABLE,156,3*,6,3,2,8
Jeep,Wrangler 1999,AVAILABLE,67,5*,6,3,51,5
Ford,E250 2012,AVAILABLE,145,1*,6,7,30,2
Toyota,Prius 2012,AVAILABLE,57,2*,6,5,47,2
Hyundai,Accent 2007,NOT AVAILABLE,99,1*,6,8,53,8
Oldsmobile,Bravada 1994,AVAILABLE,149,4*,6,4,30,10
GMC,Envoy XL 2002,AVAILABLE,60,5*,6,3,31,8
Mazda,Navajo 1993,NOT AVAILABLE,151,4*,6,6,30,5
Nissan,Sentra 1995,NOT AVAILABLE,119,4*,6,9,53,10
Hummer,H1 2006,NOT AVAILABLE,72,2*,6,6,36,3
Chevrolet,S10 2003,AVAILABLE,31,3*,6,10,48,6
Oldsmobile,Cutlass Supreme 1997,AVAILABLE,102,5*,6,3,25,7
GMC,Sierra 2500 2005,AVAILABLE,36,2*,6,9,33,3
Mitsubishi,Mighty Max 1993,AVAILABLE,110,3*,6,2,45,1
Rolls-Royce,Phantom 2007,NOT AVAILABLE,100,1*,6,8,25,4
Ford,E-Series 2010,NOT AVAILABLE,41,3*,6,6,48,4
Infiniti,QX 2008,NOT AVAILABLE,31,2*,6,9,58,10
Chevrolet,Impala 2007,AVAILABLE,120,1*,6,1,46,6
Nissan,Xterra 2008,NOT AVAILABLE,198,3*,6,3,47,10
Toyota,Tundra 2001,NOT AVAILABLE,107,3*,6,9,41,8
Dodge,Caravan 2007,AVAILABLE,154,1*,6,5,36,8
Chevrolet,Astro 2004,NOT AVAILABLE,176,2*,6,1,57,9
GMC,Suburban 2500 1996,NOT AVAILABLE,88,2*,6,7,38,5
Oldsmobile,Silhouette 2003,NOT AVAILABLE,149,4*,6,5,57,10
Geo,Prizm 1993,NOT AVAILABLE,156,3*,6,8,56,5
Maybach,Landaulet 2009,NOT AVAILABLE,172,1*,6,10,3,3
Infiniti,G 2005,NOT AVAILABLE,151,2*,6,8,15,10
Morgan,Aero 8 2007,AVAILABLE,32,3*,6,5,41,9
GMC,Sierra 2500 2012,NOT AVAILABLE,167,1*,6,3,24,10
Chevrolet,1500 1998,NOT AVAILABLE,114,5*,6,6,31,3
Dodge,Ram Van 1500 1996,NOT AVAILABLE,132,1*,6,3,8,8
Ford,Tempo 1992,AVAILABLE,78,5*,6,5,23,8
Cadillac,CTS 2007,AVAILABLE,68,4*,6,10,50,8
Suzuki,Cultus 1985,NOT AVAILABLE,65,3*,6,7,6,6
Cadillac,Escalade ESV 2005,NOT AVAILABLE,180,3*,6,7,57,2
Hyundai,Accent 2012,AVAILABLE,80,4*,6,4,3,3
Chrysler,Sebring 2010,AVAILABLE,175,3*,6,4,11,2
GMC,Sonoma 1997,NOT AVAILABLE,62,3*,6,9,22,2
Dodge,D250 Club 1992,NOT AVAILABLE,143,2*,6,4,60,6
Bentley,Arnage 2008,AVAILABLE,185,2*,6,7,49,9
Maserati,Spyder 1990,AVAILABLE,134,5*,6,3,35,8
Subaru,Alcyone SVX 1993,NOT AVAILABLE,80,5*,6,3,60,3
Lamborghini,Diablo 1991,NOT AVAILABLE,181,2*,6,8,47,9
Audi,A8 2001,NOT AVAILABLE,163,4*,6,4,50,8
Ford,Taurus 2005,NOT AVAILABLE,161,2*,6,10,31,1
Cadillac,Seville 2004,AVAILABLE,126,3*,6,6,48,6
Chevrolet,Colorado 2007,AVAILABLE,169,5*,6,5,22,5
Pontiac,Sunfire 2005,AVAILABLE,164,1*,6,6,29,6
Mercury,Grand Marquis 1999,AVAILABLE,137,4*,6,7,18,4
Lexus,CT 2012,NOT AVAILABLE,103,1*,6,6,36,7
Mercedes-Benz,SL-Class 1988,AVAILABLE,93,5*,6,4,37,10
Chevrolet,Tahoe 2009,AVAILABLE,175,5*,6,4,30,1
Saturn,VUE 2008,AVAILABLE,89,3*,6,5,20,6
Chevrolet,Express 2500 2004,NOT AVAILABLE,101,5*,6,8,40,4
Chevrolet,Sportvan G30 1994,AVAILABLE,88,2*,6,9,42,7
Dodge,Ram Van 1500 1998,AVAILABLE,55,4*,6,2,59,9
Pontiac,Bonneville 1989,NOT AVAILABLE,80,2*,6,2,29,7
Toyota,TundraMax 2009,NOT AVAILABLE,143,3*,6,6,34,7
Chevrolet,Silverado 2500 2005,AVAILABLE,104,2*,6,3,24,6
Dodge,Sprinter 2009,NOT AVAILABLE,99,3*,6,5,48,1
Dodge,Ram 3500 1995,AVAILABLE,100,5*,6,8,6,3
Ford,F-Series Super Duty 2007,NOT AVAILABLE,135,3*,6,5,38,10
GMC,Savana 2008,AVAILABLE,94,3*,6,5,49,4
Volvo,960 1992,AVAILABLE,185,5*,6,1,36,9
Toyota,Sequoia 2010,NOT AVAILABLE,177,2*,6,4,57,5
Hummer,H1 1997,NOT AVAILABLE,115,1*,6,10,37,10
Mercury,Sable 2003,NOT AVAILABLE,81,2*,6,10,13,1
Pontiac,Torrent 2008,NOT AVAILABLE,113,4*,6,1,16,1
Chrysler,Town & Country 1994,AVAILABLE,38,2*,6,4,54,4
Mercedes-Benz,SLK-Class 2007,AVAILABLE,119,4*,6,9,20,10
Chevrolet,Silverado 2011,AVAILABLE,156,2*,6,9,16,6
Pontiac,GTO 1968,NOT AVAILABLE,115,5*,6,9,8,3
Land Rover,Range Rover Classic 1993,NOT AVAILABLE,118,3*,6,6,16,1
Nissan,Sentra 2001,AVAILABLE,124,3*,6,7,11,3
Cadillac,Escalade ESV 2011,AVAILABLE,161,4*,6,5,25,8
Mazda,B2500 2001,AVAILABLE,167,2*,6,1,49,3
Buick,Century 1984,NOT AVAILABLE,145,3*,6,5,57,10
Land Rover,Freelander 2011,AVAILABLE,97,5*,6,9,28,7
Ford,Explorer 2000,AVAILABLE,33,1*,6,9,47,7
Lotus,Esprit 1991,NOT AVAILABLE,45,4*,6,4,55,10
Oldsmobile,Bravada 1992,AVAILABLE,77,5*,6,4,31,2
Plymouth,Voyager 1996,AVAILABLE,163,2*,6,1,19,8
Kia,Sportage 2002,AVAILABLE,42,4*,6,1,18,8
Volkswagen,Fox 1987,AVAILABLE,192,1*,6,4,2,9
Honda,Element 2004,NOT AVAILABLE,182,4*,6,9,26,6
Jeep,Liberty 2011,NOT AVAILABLE,78,2*,6,10,55,2
Pontiac,Grand Am 1998,NOT AVAILABLE,51,4*,6,7,19,5
Volkswagen,Golf 1989,NOT AVAILABLE,136,2*,6,3,44,9
Volkswagen,Tiguan 2012,NOT AVAILABLE,39,5*,6,3,46,8
Pontiac,Tempest 1961,AVAILABLE,118,1*,6,5,25,8
Ford,Thunderbird 1996,AVAILABLE,135,4*,6,4,55,1
Buick,Century 1984,NOT AVAILABLE,55,5*,6,1,11,8
Chevrolet,Silverado 3500 2008,NOT AVAILABLE,155,3*,6,7,4,9
Mercedes-Benz,GL-Class 2009,AVAILABLE,85,2*,6,8,24,8
Land Rover,Range Rover Sport 2007,NOT AVAILABLE,187,5*,6,5,52,6
Acura,Legend 1995,NOT AVAILABLE,170,4*,6,9,8,2
Ford,Ranger 2008,AVAILABLE,186,3*,6,8,31,7
Chevrolet,G-Series G10 1994,AVAILABLE,122,3*,6,8,59,7
Subaru,Outback Sport 2002,AVAILABLE,192,1*,6,4,39,9
Chevrolet,Tahoe 2010,AVAILABLE,148,3*,6,9,60,3
Mitsubishi,Mighty Max Macro 1994,NOT AVAILABLE,76,2*,6,4,20,9
BMW,3 Series 1996,AVAILABLE,199,1*,6,8,9,3
Mitsubishi,Truck 1993,NOT AVAILABLE,149,3*,6,1,42,3
Land Rover,LR4 2010,NOT AVAILABLE,193,1*,6,4,2,10
Pontiac,Torrent 2008,NOT AVAILABLE,187,5*,6,4,38,2
Mercedes-Benz,SLR McLaren 2005,NOT AVAILABLE,39,2*,6,8,2,1
Toyota,Camry Hybrid 2010,NOT AVAILABLE,93,5*,6,3,34,2
Honda,Odyssey 1995,AVAILABLE,54,2*,6,3,31,3
Chevrolet,Lumina 2001,AVAILABLE,39,3*,6,10,1,9
Volkswagen,GTI 1986,AVAILABLE,194,1*,6,9,56,9
Lotus,Exige 2005,NOT AVAILABLE,196,5*,6,9,15,3
Volkswagen,Routan 2010,NOT AVAILABLE,47,3*,6,1,18,5
Mercury,Mountaineer 1998,AVAILABLE,77,5*,6,7,42,5
Suzuki,Grand Vitara 2006,AVAILABLE,36,1*,6,10,9,2
Acura,RSX 2005,AVAILABLE,80,5*,6,1,59,6
Mercedes-Benz,G-Class 2005,AVAILABLE,116,2*,6,6,59,7
Saab,44994 2002,AVAILABLE,40,2*,6,7,58,2
Pontiac,Torrent 2009,AVAILABLE,178,4*,6,1,24,7
Mazda,Protege 2003,AVAILABLE,167,5*,6,2,38,3
Saab,900 1999,AVAILABLE,126,2*,6,10,29,1
Oldsmobile,88 1996,AVAILABLE,130,5*,6,5,3,4
Dodge,Ram Van 1500 1995,AVAILABLE,151,2*,6,2,10,5
Ford,E250 2009,AVAILABLE,101,1*,6,10,1,10
Volkswagen,Eurovan 1999,NOT AVAILABLE,189,5*,6,3,27,5
Acura,TL 2007,AVAILABLE,153,3*,6,6,35,10
Mercury,Mystique 1998,NOT AVAILABLE,30,1*,6,5,34,2
Dodge,D250 Club 1992,NOT AVAILABLE,72,5*,6,3,56,10
Chevrolet,1500 1993,NOT AVAILABLE,30,2*,6,6,52,4
Ferrari,FF 2012,AVAILABLE,45,2*,6,10,5,4
Hyundai,Elantra 2005,AVAILABLE,197,3*,6,9,15,8
Pontiac,Parisienne 1984,AVAILABLE,193,1*,6,2,3,7
Chevrolet,Silverado 3500 2009,NOT AVAILABLE,125,1*,6,1,22,3
Smart,Fortwo 2010,NOT AVAILABLE,181,2*,6,2,55,5
Lexus,LS 2007,AVAILABLE,42,5*,6,10,16,10
Chevrolet,Lumina 1998,NOT AVAILABLE,145,5*,6,7,27,7
Mitsubishi,Outlander 2011,AVAILABLE,152,3*,6,5,3,4
Dodge,Ram 3500 2000,AVAILABLE,163,5*,6,7,15,9
Volkswagen,Eurovan 2002,AVAILABLE,141,3*,6,10,1,8
Isuzu,Stylus 1993,NOT AVAILABLE,128,2*,6,6,4,7
Chevrolet,Express 2500 1996,AVAILABLE,196,3*,6,5,2,7
Ford,Excursion 2003,AVAILABLE,69,3*,6,9,34,10
Volkswagen,Scirocco 1986,AVAILABLE,173,5*,6,3,22,9
Ford,E-Series 2004,NOT AVAILABLE,87,4*,6,3,27,10
Audi,5000S 1984,NOT AVAILABLE,109,2*,6,8,8,10
Mercury,Grand Marquis 1985,NOT AVAILABLE,199,3*,6,2,38,10
Jeep,Wrangler 2008,AVAILABLE,118,4*,6,7,22,4
Nissan,Maxima 1995,AVAILABLE,50,5*,6,8,37,5
Alfa Romeo,Spider 1992,NOT AVAILABLE,162,1*,6,6,16,6
Porsche,Boxster 2003,NOT AVAILABLE,115,4*,6,8,46,9
Ford,Expedition EL 2009,AVAILABLE,53,5*,6,9,56,1
Mercury,Sable 1995,NOT AVAILABLE,168,5*,6,6,22,4
Hyundai,Accent 1997,AVAILABLE,61,5*,6,9,48,8
BMW,760 2005,AVAILABLE,111,4*,6,8,20,3
Pontiac,Aztek 2001,NOT AVAILABLE,197,1*,6,6,4,7
Audi,5000CS 1987,AVAILABLE,158,5*,6,9,4,6
Mitsubishi,Pajero 1992,AVAILABLE,57,4*,6,6,7,4
Dodge,Ram 1500 Club 1998,NOT AVAILABLE,199,3*,6,7,34,1
Ram,3500 2011,NOT AVAILABLE,76,1*,6,8,16,1
Pontiac,Trans Sport 1990,NOT AVAILABLE,165,1*,6,6,35,7
Mercedes-Benz,SLK-Class 2005,AVAILABLE,88,2*,6,10,34,8
Honda,Insight 2006,AVAILABLE,170,1*,6,9,31,7
Toyota,Tacoma 2012,NOT AVAILABLE,66,3*,6,10,29,10
Lincoln,Continental 1994,NOT AVAILABLE,94,3*,6,6,21,3
Audi,Coupe GT 1987,AVAILABLE,123,5*,6,7,40,1
Land Rover,Defender 1992,AVAILABLE,178,3*,6,1,40,3
Toyota,Solara 2003,NOT AVAILABLE,43,4*,6,1,43,7
Nissan,Pathfinder 1998,NOT AVAILABLE,103,1*,6,8,34,10
Maserati,Gran Sport 2006,AVAILABLE,46,3*,6,1,37,1
Dodge,Ram Van 3500 2001,NOT AVAILABLE,68,2*,6,4,3,9
Lotus,Exige 2012,NOT AVAILABLE,78,3*,6,10,38,3
Ford,Edge 2013,NOT AVAILABLE,68,5*,6,9,8,6
Honda,Passport 1995,AVAILABLE,174,4*,6,8,28,5
Pontiac,Grand Prix 1993,AVAILABLE,153,4*,6,1,56,5
Lincoln,Continental 1996,NOT AVAILABLE,139,4*,6,9,58,6
Lincoln,Town Car 1986,NOT AVAILABLE,150,3*,6,8,17,8
Lincoln,Navigator 2009,AVAILABLE,183,5*,6,10,50,10
Subaru,Forester 2002,AVAILABLE,84,2*,6,5,48,10
Alfa Romeo,164 1992,NOT AVAILABLE,144,1*,6,5,22,3
GMC,Yukon Denali 2000,AVAILABLE,33,2*,6,10,50,9
Cadillac,Eldorado 1997,NOT AVAILABLE,187,2*,6,6,21,6
Buick,Park Avenue 1991,NOT AVAILABLE,36,4*,6,9,39,4
Ford,Thunderbird 1989,NOT AVAILABLE,33,5*,6,6,40,3
Suzuki,Vitara 2000,AVAILABLE,62,4*,6,10,20,4
Chevrolet,Astro 2005,AVAILABLE,153,5*,6,6,26,2
Dodge,Ram 2003,NOT AVAILABLE,84,2*,6,7,18,6
Toyota,Xtra 1993,NOT AVAILABLE,88,5*,6,5,37,4
Cadillac,CTS 2005,AVAILABLE,124,5*,6,10,40,4
Toyota,Sienna 2004,AVAILABLE,185,4*,6,9,29,5
Jeep,Wrangler 2002,NOT AVAILABLE,111,4*,6,9,17,4
Oldsmobile,Toronado 1966,AVAILABLE,175,3*,6,3,38,5
Hyundai,Elantra 2003,AVAILABLE,87,1*,6,8,20,1
Volvo,C70 1998,AVAILABLE,199,3*,6,9,7,3
Hyundai,Tucson 2007,AVAILABLE,193,2*,6,3,16,10
BMW,5 Series 2012,NOT AVAILABLE,130,2*,6,9,14,6
BMW,M3 1995,AVAILABLE,151,5*,6,10,28,6
Toyota,Echo 2000,AVAILABLE,51,3*,6,1,47,9
Aston Martin,Rapide 2011,NOT AVAILABLE,187,3*,6,5,55,7
Mazda,MX-5 2009,NOT AVAILABLE,61,3*,6,2,21,5
Buick,Park Avenue 1995,NOT AVAILABLE,55,3*,6,6,4,8
BMW,M3 2002,NOT AVAILABLE,114,3*,6,6,26,1
Nissan,Altima 1997,NOT AVAILABLE,166,2*,6,4,23,5
Dodge,Caravan 1995,AVAILABLE,68,5*,6,9,47,10
Porsche,Boxster 2005,AVAILABLE,160,5*,6,1,38,1
Toyota,Tacoma Xtra 1998,AVAILABLE,150,1*,6,8,17,6
Aston Martin,V8 Vantage 2012,AVAILABLE,161,5*,6,8,40,9
Chevrolet,Corvette 1961,AVAILABLE,200,5*,6,2,42,9
Dodge,Caravan 2006,AVAILABLE,182,2*,6,5,14,5
Mitsubishi,Galant 1997,NOT AVAILABLE,53,2*,6,1,20,8
Lexus,LX 2008,AVAILABLE,36,3*,6,5,44,5
Jeep,Wrangler 2004,AVAILABLE,153,4*,6,9,48,9
Ford,Flex 2013,NOT AVAILABLE,45,4*,6,2,41,8
BMW,6 Series 2009,AVAILABLE,84,3*,6,8,29,4
Honda,Odyssey 1998,AVAILABLE,71,1*,6,8,60,8
Saab,44994 2001,AVAILABLE,33,4*,6,7,48,7
Chrysler,Pacifica 2006,AVAILABLE,47,3*,6,5,11,5
Pontiac,Grand Prix 1975,NOT AVAILABLE,76,4*,6,7,45,5
Lincoln,MKS 2009,NOT AVAILABLE,98,4*,6,1,28,7
Honda,S2000 2007,AVAILABLE,54,3*,6,10,57,9
GMC,EV1 1999,AVAILABLE,63,2*,6,8,33,3
Kia,Mentor 1997,AVAILABLE,151,2*,6,5,59,4
GMC,2500 Club Coupe 1997,NOT AVAILABLE,96,2*,6,10,5,1
Ford,F350 1994,NOT AVAILABLE,176,3*,6,6,60,7
Mercedes-Benz,CLS-Class 2006,AVAILABLE,32,4*,6,6,21,3
BMW,Z4 2006,NOT AVAILABLE,155,2*,6,6,15,7
Mercedes-Benz,SL-Class 1991,AVAILABLE,37,5*,6,10,24,4
Porsche,Cayenne 2010,AVAILABLE,191,5*,6,1,7,6
Chevrolet,Monte Carlo 2004,NOT AVAILABLE,72,1*,6,1,30,9
Lexus,IS 2005,NOT AVAILABLE,145,5*,6,4,19,5
BMW,760 2004,NOT AVAILABLE,51,3*,6,4,47,6
Ford,Expedition 1997,AVAILABLE,108,3*,6,10,56,9
Chrysler,LeBaron 1992,NOT AVAILABLE,36,5*,6,5,60,4
Chevrolet,Silverado 2010,AVAILABLE,110,5*,6,3,30,10
Ford,Ranger 1984,NOT AVAILABLE,97,1*,6,3,59,10
Cadillac,Seville 2003,NOT AVAILABLE,145,4*,6,2,49,5
Maybach,57 2010,AVAILABLE,168,4*,6,7,12,6
GMC,Savana 2500 2004,AVAILABLE,34,2*,6,8,43,8
Audi,A8 2002,AVAILABLE,124,1*,6,6,29,3
Toyota,Prius 2008,NOT AVAILABLE,121,2*,6,6,25,1
Acura,NSX 2002,NOT AVAILABLE,192,1*,6,4,9,5
Pontiac,G6 2005,AVAILABLE,141,1*,6,4,59,7
Acura,TL 2008,NOT AVAILABLE,189,2*,6,9,60,5
Subaru,Outback 2000,NOT AVAILABLE,148,2*,6,10,16,1
Buick,Skylark 1990,AVAILABLE,120,2*,6,7,14,10
Ford,F150 1992,NOT AVAILABLE,36,5*,6,8,53,10
Honda,Accord 1998,AVAILABLE,89,2*,6,8,31,3
Lexus,LS 1994,NOT AVAILABLE,31,2*,6,3,10,3
Ford,Thunderbird 2005,AVAILABLE,181,2*,6,2,32,2
Ford,Thunderbird 1992,NOT AVAILABLE,166,4*,6,2,11,2
Hyundai,Equus 2013,AVAILABLE,50,2*,6,9,59,10
Dodge,Intrepid 1993,AVAILABLE,63,2*,6,4,6,2
GMC,3500 Club Coupe 1995,NOT AVAILABLE,177,5*,6,6,38,1
Pontiac,LeMans 1988,AVAILABLE,112,5*,6,3,47,8
Buick,Enclave 2012,AVAILABLE,144,5*,6,10,21,1
Porsche,944 1984,NOT AVAILABLE,47,5*,6,8,5,5
Nissan,Xterra 2000,AVAILABLE,62,2*,6,4,48,8
Nissan,370Z 2010,NOT AVAILABLE,133,5*,6,5,14,4
Dodge,Dakota 1996,NOT AVAILABLE,60,5*,6,5,23,4
Mercury,Sable 1994,AVAILABLE,70,5*,6,4,53,7
Suzuki,Grand Vitara 2001,NOT AVAILABLE,180,4*,6,1,32,2
Mitsubishi,Excel 1988,NOT AVAILABLE,91,3*,6,3,14,6
Alfa Romeo,164 1992,AVAILABLE,116,1*,6,7,43,10
Hyundai,Santa Fe 2001,AVAILABLE,36,1*,6,1,9,1
Pontiac,Grand Am 1987,AVAILABLE,192,2*,6,2,34,4
Pontiac,Grand Am 1987,NOT AVAILABLE,123,2*,6,9,14,5
Mercury,Mountaineer 2007,NOT AVAILABLE,59,2*,6,1,2,8
Infiniti,G37 2010,NOT AVAILABLE,132,2*,6,2,19,6
Mazda,626 1997,NOT AVAILABLE,114,5*,6,10,8,4
Dodge,Charger 2011,NOT AVAILABLE,30,3*,6,4,38,5
Pontiac,LeMans 1989,NOT AVAILABLE,49,5*,6,2,53,3
Pontiac,Grand Prix 1980,AVAILABLE,42,4*,6,4,49,6
McLaren,MP4-12C 2012,AVAILABLE,88,5*,6,5,44,2
GMC,Safari 1993,AVAILABLE,47,1*,6,5,12,6
BMW,530 2007,AVAILABLE,111,2*,6,10,54,5
Volvo,V70 2000,NOT AVAILABLE,112,4*,6,8,37,8
BMW,Z4 M Roadster 2009,AVAILABLE,126,1*,6,5,54,10
Mercury,Cougar 2001,AVAILABLE,49,4*,6,3,13,7
BMW,3 Series 2001,NOT AVAILABLE,39,4*,6,3,28,4
Buick,Rainier 2004,AVAILABLE,56,3*,6,8,22,2
Chevrolet,Blazer 1999,NOT AVAILABLE,30,5*,6,2,13,3
Chevrolet,Silverado 2500 2004,AVAILABLE,176,2*,6,8,25,4
Chevrolet,Monte Carlo 2000,AVAILABLE,39,2*,6,3,37,9
Mercedes-Benz,M-Class 2005,AVAILABLE,39,5*,6,1,55,10
Pontiac,GTO 1970,AVAILABLE,111,3*,6,4,13,3
Chrysler,Aspen 2008,NOT AVAILABLE,117,1*,6,8,20,3
Chevrolet,Caprice 1991,AVAILABLE,41,1*,6,7,55,4
Buick,Park Avenue 1993,AVAILABLE,96,1*,6,5,2,5
Holden,VS Commodore 1997,AVAILABLE,127,1*,6,3,4,4
Oldsmobile,Bravada 2003,NOT AVAILABLE,173,5*,6,7,9,8
Chrysler,Town & Country 1993,AVAILABLE,87,1*,6,9,45,6
Porsche,Carrera GT 2004,AVAILABLE,37,3*,6,3,9,9
Subaru,XT 1988,NOT AVAILABLE,160,5*,6,9,6,9
Toyota,Celica 1993,NOT AVAILABLE,68,3*,6,10,38,7
Acura,Legend 1992,AVAILABLE,174,1*,6,6,52,1
Mazda,Tribute 2001,AVAILABLE,55,5*,6,4,23,5
GMC,Savana 1500 1997,NOT AVAILABLE,169,5*,6,10,51,7
Nissan,Versa 2010,NOT AVAILABLE,118,5*,6,10,2,2
Chevrolet,Lumina APV 1993,NOT AVAILABLE,108,1*,6,2,39,5
Land Rover,Range Rover 2000,AVAILABLE,194,4*,6,1,8,4
Lincoln,MKS 2009,AVAILABLE,57,3*,6,8,49,1
Ford,Windstar 1995,AVAILABLE,134,1*,6,8,54,1
Nissan,Frontier 2002,NOT AVAILABLE,128,5*,6,6,11,8
Land Rover,Range Rover 1987,NOT AVAILABLE,78,5*,6,6,21,7
Mazda,Mazdaspeed 3 2007,NOT AVAILABLE,195,3*,6,3,32,4
Nissan,Frontier 1999,AVAILABLE,96,4*,6,4,56,6
Maserati,Quattroporte 1984,AVAILABLE,186,3*,6,9,57,7
Oldsmobile,Silhouette 1994,AVAILABLE,109,1*,6,6,32,7
Ford,Ranger 2003,NOT AVAILABLE,50,3*,6,9,46,2
GMC,Sierra 1500 2007,AVAILABLE,179,2*,6,1,15,3
Audi,S4 2012,AVAILABLE,56,4*,6,6,30,10
BMW,Z4 2004,AVAILABLE,185,3*,6,2,44,1
GMC,Yukon 1993,NOT AVAILABLE,89,3*,6,10,60,5
GMC,Sierra 2500 2002,AVAILABLE,55,1*,6,7,40,7
Honda,Accord 1992,NOT AVAILABLE,156,3*,6,10,33,4
Cadillac,Eldorado 1999,AVAILABLE,80,4*,6,4,52,10
Saturn,Ion 2003,AVAILABLE,43,3*,6,9,60,5
Chrysler,Crossfire 2005,AVAILABLE,196,1*,6,6,40,9
Ford,Ranger 2008,NOT AVAILABLE,60,2*,6,2,34,3
GMC,Savana 2500 1999,AVAILABLE,62,2*,6,10,48,9
Chevrolet,S10 2004,AVAILABLE,179,3*,6,4,26,1
Ford,Ranger 1998,NOT AVAILABLE,162,3*,6,10,9,2
Ford,Taurus 2008,NOT AVAILABLE,45,1*,6,1,25,8
Acura,CL 2002,AVAILABLE,107,4*,6,6,39,6
Toyota,Supra 1995,NOT AVAILABLE,182,5*,6,4,50,1
Dodge,Viper 2003,NOT AVAILABLE,107,3*,6,8,44,8
Suzuki,Swift 1993,NOT AVAILABLE,120,5*,6,8,16,3
Toyota,Tacoma 2005,NOT AVAILABLE,161,5*,6,9,19,10
Suzuki,Vitara 2001,NOT AVAILABLE,38,3*,6,2,27,2
Jeep,Grand Cherokee 2010,NOT AVAILABLE,111,2*,6,9,38,10
GMC,Savana 2500 2005,NOT AVAILABLE,183,3*,6,4,46,10
Chevrolet,Lumina 1993,NOT AVAILABLE,139,1*,6,1,36,2
Ford,E350 2010,AVAILABLE,157,5*,6,3,36,1
Ford,Festiva 1988,AVAILABLE,129,2*,6,1,11,9
Mitsubishi,Outlander 2003,AVAILABLE,53,2*,6,1,24,1
Pontiac,6000 1991,NOT AVAILABLE,101,5*,6,2,36,4
Audi,S4 2002,AVAILABLE,199,5*,6,1,54,7
Volvo,S80 2007,NOT AVAILABLE,167,1*,6,1,21,5
Lexus,LS 1995,AVAILABLE,91,3*,6,6,28,10
Dodge,Grand Caravan 2000,NOT AVAILABLE,58,1*,6,1,5,9
Mazda,MX-3 1996,AVAILABLE,32,3*,6,4,31,6
Chrysler,New Yorker 1992,NOT AVAILABLE,86,2*,6,8,57,7
Ford,Econoline E150 1995,AVAILABLE,63,1*,6,5,27,10
Mercury,Capri 1984,NOT AVAILABLE,158,4*,6,5,6,10
Hyundai,Azera 2010,NOT AVAILABLE,59,5*,6,9,28,9
Chrysler,Pacifica 2008,NOT AVAILABLE,79,5*,6,5,23,4
GMC,2500 Club Coupe 1993,AVAILABLE,153,5*,6,6,42,6
Lexus,ES 2005,AVAILABLE,119,2*,6,7,12,4
Pontiac,Grand Prix 1996,AVAILABLE,34,5*,6,4,42,7
Toyota,Camry 2003,AVAILABLE,156,5*,6,10,4,1
Ferrari,F430 2008,NOT AVAILABLE,147,5*,6,3,8,5
GMC,Sierra 1500 2013,AVAILABLE,139,5*,6,10,17,10
Buick,Rainier 2007,NOT AVAILABLE,182,3*,6,2,1,9
Lexus,LX 1997,AVAILABLE,87,3*,6,7,47,10
Ram,1500 2012,NOT AVAILABLE,43,2*,6,3,54,9
GMC,1500 1994,NOT AVAILABLE,107,5*,6,6,20,6
Ford,Econoline E250 1995,NOT AVAILABLE,133,2*,6,3,31,6
Mercury,Sable 2008,AVAILABLE,35,2*,6,3,19,8
Toyota,MR2 1995,NOT AVAILABLE,149,2*,6,1,49,7
Eagle,Vision 1995,NOT AVAILABLE,115,4*,6,7,59,10
Pontiac,Bonneville 1993,NOT AVAILABLE,135,1*,6,1,5,8
Isuzu,i-Series 2008,AVAILABLE,77,5*,6,4,28,5
Mitsubishi,Endeavor 2004,AVAILABLE,148,4*,6,5,9,9
Chevrolet,Volt 2011,AVAILABLE,104,4*,6,6,26,2
Nissan,Sentra 1993,AVAILABLE,184,4*,6,9,31,6
Pontiac,Bonneville 1995,AVAILABLE,147,1*,6,1,55,6
Porsche,Cayman 2010,AVAILABLE,172,1*,6,1,51,7
Ford,Taurus 2003,NOT AVAILABLE,69,4*,6,6,33,5
Audi,riolet 1994,AVAILABLE,82,2*,6,6,59,9
Land Rover,Range Rover 2011,AVAILABLE,31,2*,6,3,50,2
Smart,Fortwo 2009,NOT AVAILABLE,56,4*,6,10,55,6
GMC,Safari 2003,NOT AVAILABLE,126,1*,6,3,25,7
Ford,Bronco 1990,NOT AVAILABLE,172,4*,6,6,55,7
Mitsubishi,Galant 1996,AVAILABLE,166,3*,6,5,13,8
Toyota,Land Cruiser 2007,AVAILABLE,178,3*,6,3,10,7
Toyota,Echo 2005,AVAILABLE,183,5*,6,6,44,6
Alfa Romeo,164 1994,NOT AVAILABLE,164,4*,6,4,25,10
Audi,TT 2001,AVAILABLE,70,1*,6,10,46,9
Rolls-Royce,Phantom 2010,NOT AVAILABLE,46,5*,6,7,34,9
MINI,Cooper Clubman 2008,NOT AVAILABLE,54,1*,6,8,32,3
Hyundai,Sonata 2013,AVAILABLE,152,5*,6,8,7,4
Mazda,626 1988,AVAILABLE,83,3*,6,5,3,9
Nissan,Rogue 2008,NOT AVAILABLE,37,5*,6,8,32,2
Mazda,929 1989,AVAILABLE,119,3*,6,7,59,3
GMC,Suburban 1500 1992,AVAILABLE,125,3*,6,10,20,1
Lincoln,Mark LT 2008,AVAILABLE,135,2*,6,2,24,10
Toyota,Avalon 2012,NOT AVAILABLE,81,2*,6,2,8,7
Aston Martin,Vantage 2011,NOT AVAILABLE,64,5*,6,8,51,1
BMW,X6 2010,AVAILABLE,200,5*,6,10,45,5
Land Rover,Sterling 1991,NOT AVAILABLE,56,4*,6,3,2,3
Buick,Lucerne 2007,AVAILABLE,119,5*,6,7,17,3
Dodge,Ram 3500 2006,NOT AVAILABLE,180,3*,6,8,28,2
Infiniti,J 1993,NOT AVAILABLE,170,4*,6,4,41,2
Mercury,Cougar 1991,AVAILABLE,45,4*,6,2,53,3
Nissan,Murano 2011,AVAILABLE,189,4*,6,10,32,2
Chrysler,Concorde 2002,NOT AVAILABLE,164,2*,6,2,3,10
Toyota,Camry Hybrid 2007,NOT AVAILABLE,190,5*,6,6,49,9
Toyota,Solara 2004,NOT AVAILABLE,136,5*,6,1,36,6
Nissan,Titan 2006,NOT AVAILABLE,149,4*,6,10,53,4
BMW,545 2004,AVAILABLE,49,3*,6,5,58,2
Jeep,Wrangler 1992,NOT AVAILABLE,37,4*,6,1,38,4
Acura,TL 2002,AVAILABLE,135,5*,6,9,52,2
Mercedes-Benz,Sprinter 2011,NOT AVAILABLE,157,2*,6,3,23,10
Ford,Escape 2004,NOT AVAILABLE,85,5*,6,6,44,2
Lincoln,Town Car 1987,NOT AVAILABLE,137,2*,6,10,19,7
Honda,Pilot 2003,AVAILABLE,135,4*,6,4,19,9
Honda,Civic 2005,AVAILABLE,47,4*,6,5,14,6
Mazda,B-Series 1998,NOT AVAILABLE,134,3*,6,9,31,3
Pontiac,Bonneville 2001,AVAILABLE,59,1*,6,5,58,1
Toyota,Tacoma 2011,NOT AVAILABLE,61,3*,6,10,37,5
Ford,F-Series 2006,NOT AVAILABLE,63,1*,6,5,35,7
Mazda,MX-5 2012,NOT AVAILABLE,32,2*,6,9,30,4
Mercedes-Benz,W126 1981,AVAILABLE,188,3*,6,2,41,6
Aptera,Typ-1 2009,NOT AVAILABLE,192,4*,6,1,36,8
Ford,Club Wagon 1992,NOT AVAILABLE,138,2*,6,7,44,9
Mitsubishi,Expo 1993,NOT AVAILABLE,195,4*,6,3,60,5
GMC,1500 1997,AVAILABLE,97,2*,6,7,39,3
Kia,Amanti 2008,AVAILABLE,83,3*,6,9,15,2
Toyota,Land Cruiser 2010,AVAILABLE,74,1*,6,9,20,4
Chevrolet,Suburban 2500 2006,NOT AVAILABLE,35,2*,6,6,50,8
Volkswagen,rio 1995,NOT AVAILABLE,122,4*,6,2,30,7
Volkswagen,Eurovan 1994,NOT AVAILABLE,43,1*,6,7,54,3
Mercury,Villager 1995,NOT AVAILABLE,185,1*,6,2,29,8
Lincoln,Town Car 1999,NOT AVAILABLE,131,2*,6,10,40,10
Audi,5000S 1985,AVAILABLE,109,5*,6,10,54,4
Geo,Tracker 1996,AVAILABLE,79,3*,6,4,52,10
Stim,56223 Oriole Way 2011,AVAILABLE,1399,2*,5,12,14,18
Subin,67 Eastlawn Court 1999,AVAILABLE,906,4*,5,15,29,18
Wrapsafe,30 Kensington Center 2000,NOT AVAILABLE,1789,5*,5,15,16,15
Keylex,92608 Ronald Regan Drive 2002,AVAILABLE,1399,2*,5,14,27,16
Sub-Ex,223 Ronald Regan Plaza 1994,AVAILABLE,2458,1*,5,13,43,18
Stringtough,164 Hermina Parkway 1993,NOT AVAILABLE,1617,2*,5,13,46,19
Rank,05 Cody Crossing 2004,NOT AVAILABLE,1185,3*,5,15,52,15
Zathin,4 West Terrace 1986,NOT AVAILABLE,2149,2*,5,15,58,20
Gembucket,2 Rutledge Hill 1998,AVAILABLE,815,5*,5,11,28,18
Tresom,1 Chive Trail 2010,AVAILABLE,404,4*,5,11,3,19
Holdlamis,72416 Stephen Alley 2013,AVAILABLE,410,4*,5,12,47,16
Tempsoft,70 Lotheville Drive 1994,AVAILABLE,2806,4*,5,12,24,16
Solarbreeze,92863 Rusk Avenue 1994,AVAILABLE,2723,2*,5,11,59,18
Vagram,68 Scofield Lane 1997,NOT AVAILABLE,601,2*,5,12,26,17
Latlux,4 Ruskin Street 2003,NOT AVAILABLE,1538,4*,5,11,23,15
Duobam,4 Carioca Terrace 2013,NOT AVAILABLE,1809,3*,5,14,22,18
Tres-Zap,77 Dovetail Court 1994,NOT AVAILABLE,2842,5*,5,13,40,18
Bitwolf,021 Morrow Terrace 1996,NOT AVAILABLE,1424,5*,5,14,30,19
Ronstring,8247 Lotheville Drive 2004,AVAILABLE,567,1*,5,12,8,20
Zaam-Dox,76 Logan Avenue 2005,NOT AVAILABLE,501,1*,5,11,45,20
Andalax,31 Division Avenue 1993,AVAILABLE,1868,3*,5,13,34,16
Stringtough,16847 Kingsford Circle 1988,AVAILABLE,2898,1*,5,14,2,16
Rank,84 Continental Pass 2011,AVAILABLE,2837,5*,5,11,24,18
Opela,0155 Farmco Terrace 2008,AVAILABLE,1151,3*,5,13,4,20
Sonair,9933 Messerschmidt Alley 1997,AVAILABLE,1675,5*,5,15,35,18
Zamit,118 Scoville Avenue 2002,NOT AVAILABLE,2065,4*,5,12,49,19
Daltfresh,574 Dexter Alley 1992,NOT AVAILABLE,1750,5*,5,15,39,19
Cardify,84888 Welch Alley 2006,AVAILABLE,2876,4*,5,15,6,17
Sub-Ex,1761 Prentice Crossing 1999,NOT AVAILABLE,1997,4*,5,14,26,19
Bytecard,79371 Brown Hill 2008,AVAILABLE,2242,4*,5,15,30,16
Lotlux,1384 Truax Park 2007,AVAILABLE,1108,1*,5,12,56,15
Sonair,1 Schiller Pass 1993,NOT AVAILABLE,1777,2*,5,15,58,19
Cardify,7 Glendale Trail 1998,AVAILABLE,1047,3*,5,11,60,17
Tempsoft,2342 Continental Trail 2009,AVAILABLE,2837,1*,5,14,41,20
Konklab,693 Jackson Trail 2003,AVAILABLE,2244,4*,5,13,30,17
Y-find,8828 Roth Park 2012,AVAILABLE,2325,2*,5,15,59,20
Konklab,76356 Grayhawk Alley 1998,NOT AVAILABLE,2949,5*,5,12,56,17
Quo Lux,170 Elmside Avenue 1994,AVAILABLE,1283,5*,5,14,40,16
Fintone,50 Mccormick Trail 2007,NOT AVAILABLE,435,3*,5,13,5,17
Veribet,2 Bobwhite Circle 2002,AVAILABLE,2190,4*,5,12,13,15
Veribet,5611 Nevada Trail 1998,AVAILABLE,524,4*,5,11,41,18
Job,62 Messerschmidt Trail 2011,NOT AVAILABLE,2183,2*,5,13,16,18
Otcom,34 Shasta Court 1999,AVAILABLE,2796,4*,5,14,37,20
Mat Lam Tam,64 Huxley Road 1986,NOT AVAILABLE,1649,3*,5,15,60,19
Tres-Zap,44 Amoth Street 1992,NOT AVAILABLE,2092,2*,5,13,42,17
Cookley,97 Butternut Hill 1993,NOT AVAILABLE,1152,4*,5,11,10,15
Daltfresh,31 Linden Pass 2007,NOT AVAILABLE,1399,2*,5,13,1,16
Viva,9 Bartillon Trail 2002,NOT AVAILABLE,2986,1*,5,11,30,17
Trippledex,58082 Oak Valley Junction 2009,NOT AVAILABLE,1776,2*,5,12,40,15
Keylex,03 Myrtle Pass 1997,NOT AVAILABLE,485,1*,5,15,52,18
Matsoft,9 Myrtle Avenue 2006,AVAILABLE,2085,3*,5,12,54,18
Trippledex,91094 Sherman Parkway 1988,NOT AVAILABLE,1183,2*,5,11,3,15
Stronghold,9300 Eagle Crest Alley 2012,AVAILABLE,636,4*,5,11,25,15
Sonair,71 Stang Avenue 1988,AVAILABLE,2800,5*,5,11,23,15
Opela,742 Hayes Parkway 1984,AVAILABLE,2028,4*,5,14,56,19
Trippledex,4 Merrick Street 2005,NOT AVAILABLE,1475,3*,5,15,54,17
Flowdesk,13137 Arrowood Circle 1992,NOT AVAILABLE,1451,2*,5,11,13,15
Transcof,53538 Mcbride Parkway 2012,NOT AVAILABLE,2464,4*,5,13,5,19
Domainer,559 Johnson Terrace 1991,NOT AVAILABLE,1898,1*,5,11,22,17
Job,4333 Eastwood Crossing 1996,NOT AVAILABLE,2842,2*,5,14,38,20
Toughjoyfax,612 West Way 2011,AVAILABLE,1853,4*,5,14,11,20
Cardify,9 Fair Oaks Road 2002,AVAILABLE,2060,2*,5,12,57,20
Tresom,7 Old Shore Terrace 2001,AVAILABLE,817,1*,5,11,20,20
Otcom,93905 Lighthouse Bay Circle 1995,AVAILABLE,2773,4*,5,12,35,17
Mat Lam Tam,3 Burrows Circle 1992,AVAILABLE,1850,4*,5,12,10,17
Keylex,656 Haas Junction 1997,AVAILABLE,2773,2*,5,14,42,20
Solarbreeze,86 Aberg Point 2004,AVAILABLE,1881,1*,5,15,9,17
Stronghold,01 Dakota Pass 2009,AVAILABLE,682,1*,5,15,14,19
Zoolab,65168 Cody Crossing 1993,AVAILABLE,2204,2*,5,15,32,18
Andalax,5 Heffernan Park 1991,AVAILABLE,2383,4*,5,12,11,16
Prodder,84070 Bartillon Circle 1989,AVAILABLE,2342,3*,5,15,23,16
Fixflex,6389 Summerview Plaza 2012,NOT AVAILABLE,700,3*,5,11,35,20
Bitwolf,41183 Nelson Street 2009,NOT AVAILABLE,2814,2*,5,11,17,17
Voyatouch,7 Sachtjen Pass 1996,AVAILABLE,1205,3*,5,15,53,16
Y-find,84 Jackson Street 1996,NOT AVAILABLE,1488,1*,5,15,46,19
Bytecard,86980 Judy Pass 1991,AVAILABLE,2507,1*,5,14,37,20
Overhold,8603 Forest Run Parkway 2012,AVAILABLE,2113,5*,5,11,32,16
Cardguard,5 Daystar Drive 1998,AVAILABLE,1992,2*,5,15,11,19
It,45038 Lukken Crossing 1997,NOT AVAILABLE,2087,1*,5,12,34,16
Lotlux,6617 Fulton Road 1993,NOT AVAILABLE,1309,2*,5,14,22,20
Alpha,55 Rutledge Pass 1997,NOT AVAILABLE,1572,2*,5,11,30,16
Solarbreeze,75336 Forest Run Park 1985,AVAILABLE,2149,1*,5,15,3,20
Overhold,793 Arizona Court 1988,NOT AVAILABLE,724,2*,5,13,29,17
Fixflex,0 Lunder Terrace 2005,AVAILABLE,2863,2*,5,13,16,16
Home Ing,97338 Daystar Park 1999,NOT AVAILABLE,2389,5*,5,15,3,15
Greenlam,1 North Avenue 2004,NOT AVAILABLE,2002,4*,5,11,12,17
Zontrax,02 Brentwood Center 2000,NOT AVAILABLE,938,4*,5,13,35,18
Holdlamis,39 Paget Avenue 2010,NOT AVAILABLE,2345,3*,5,12,12,20
Prodder,979 Eagle Crest Crossing 2012,NOT AVAILABLE,2249,4*,5,11,35,15
Job,169 Hintze Parkway 1995,NOT AVAILABLE,788,5*,5,12,42,18
Ronstring,01 Petterle Parkway 1999,AVAILABLE,2895,5*,5,11,7,17
Toughjoyfax,27018 Chive Circle 2009,AVAILABLE,1366,1*,5,12,40,15
Rank,57771 Bay Way 1992,NOT AVAILABLE,2626,3*,5,13,6,17
Wrapsafe,93 Loftsgordon Circle 2009,AVAILABLE,1424,4*,5,14,11,17
Zontrax,62297 Swallow Road 1994,AVAILABLE,1752,2*,5,13,33,18
Duobam,964 Oak Lane 2008,NOT AVAILABLE,2201,3*,5,15,3,19
Asoka,571 Hanover Point 1993,NOT AVAILABLE,1543,3*,5,12,1,18
Job,7931 Sugar Way 2003,NOT AVAILABLE,2713,1*,5,14,46,20
Stringtough,1 Tomscot Hill 1993,AVAILABLE,2589,2*,5,11,21,19
Lotlux,08192 Springs Way 2012,NOT AVAILABLE,2553,2*,5,12,58,16
Toughjoyfax,64 Swallow Park 1994,NOT AVAILABLE,1894,3*,5,15,20,15
Vagram,04 Southridge Parkway 2000,AVAILABLE,2494,2*,5,15,17,16
Temp,13 Loomis Parkway 1997,NOT AVAILABLE,1443,2*,5,11,23,19
Wrapsafe,29952 Bartillon Parkway 1999,NOT AVAILABLE,2509,5*,5,15,33,18
Pannier,961 School Way 2007,NOT AVAILABLE,1725,5*,5,11,54,18
Mat Lam Tam,0 Sloan Court 2004,NOT AVAILABLE,512,3*,5,12,60,18
Cardguard,86 Rigney Circle 2011,NOT AVAILABLE,701,5*,5,11,31,20
Quo Lux,0 North Drive 2010,AVAILABLE,2684,1*,5,12,8,20
Solarbreeze,08143 Arizona Junction 1999,AVAILABLE,833,4*,5,12,42,20
Fixflex,0516 Pine View Crossing 1994,NOT AVAILABLE,2467,2*,5,15,52,16
Voyatouch,65 Valley Edge Hill 1998,NOT AVAILABLE,1113,3*,5,14,35,20
Lotstring,6572 Melrose Drive 1998,NOT AVAILABLE,2450,2*,5,15,22,16
Lotstring,12 Thackeray Plaza 2006,AVAILABLE,725,4*,5,13,17,16
Matsoft,83497 Brown Court 1996,AVAILABLE,2631,1*,5,13,15,17
Matsoft,450 Summer Ridge Court 2004,NOT AVAILABLE,1311,1*,5,15,50,18
Ronstring,5300 Fuller Avenue 2006,AVAILABLE,2701,4*,5,14,17,19
Otcom,38 Anniversary Circle 1987,AVAILABLE,708,4*,5,14,24,19
Konklab,108 Maywood Alley 2012,NOT AVAILABLE,430,1*,5,14,15,16
Stronghold,17753 Continental Terrace 1974,AVAILABLE,1277,4*,5,14,56,20
Domainer,511 3rd Terrace 2008,AVAILABLE,1407,1*,5,11,23,19
Bitwolf,82 Monica Place 2006,NOT AVAILABLE,2918,5*,5,13,44,19
Stringtough,8 Vermont Point 1987,NOT AVAILABLE,2027,1*,5,15,36,17
Bigtax,6719 Clyde Gallagher Way 2006,AVAILABLE,1687,2*,5,15,57,16
Zontrax,3 Gale Plaza 2002,NOT AVAILABLE,2293,5*,5,15,20,16
Gembucket,3 Milwaukee Trail 1993,NOT AVAILABLE,1111,3*,5,11,60,19
Gembucket,4926 Banding Parkway 1992,AVAILABLE,2856,1*,5,15,2,19
Matsoft,1916 Pleasure Plaza 2000,AVAILABLE,1579,2*,5,11,48,19
Pannier,52 Basil Avenue 2011,AVAILABLE,637,3*,5,15,25,16
Bitwolf,3171 Hallows Road 2006,NOT AVAILABLE,1558,1*,5,11,60,16
Pannier,63590 Arrowood Center 2011,AVAILABLE,2290,5*,5,11,47,16
Tempsoft,850 Longview Point 1999,NOT AVAILABLE,2737,1*,5,12,18,15
Y-Solowarm,776 Steensland Point 2005,AVAILABLE,690,2*,5,12,28,19
Viva,5927 Montana Junction 1999,NOT AVAILABLE,1703,2*,5,13,16,18
Hatity,1395 Forest Dale Pass 2004,NOT AVAILABLE,2339,5*,5,14,2,17
Ventosanzap,1370 Sauthoff Road 1984,NOT AVAILABLE,1236,1*,5,11,59,16
Voyatouch,56553 Meadow Ridge Junction 1993,NOT AVAILABLE,2011,1*,5,11,40,18
Cardguard,6 Packers Avenue 1995,AVAILABLE,714,4*,5,11,20,15
Transcof,04 Chive Circle 2001,AVAILABLE,2456,2*,5,12,29,16
Namfix,412 Dapin Road 2001,AVAILABLE,1553,1*,5,13,30,17
Asoka,33733 Moland Terrace 1992,NOT AVAILABLE,2072,2*,5,12,17,16
Mat Lam Tam,376 Eastlawn Parkway 1992,AVAILABLE,1267,5*,5,11,54,19
Subin,8 Thompson Drive 2010,NOT AVAILABLE,2227,1*,5,11,20,20
Lotlux,7563 Canary Parkway 2008,AVAILABLE,1715,2*,5,12,10,18
Veribet,2 Johnson Circle 1997,AVAILABLE,2410,4*,5,14,6,18
Voyatouch,98 Sachtjen Circle 2011,NOT AVAILABLE,2423,2*,5,11,56,16
Quo Lux,285 Gerald Drive 1999,AVAILABLE,643,5*,5,15,41,20
Voyatouch,762 Victoria Hill 1997,NOT AVAILABLE,1606,1*,5,11,50,18
Holdlamis,0 Clove Place 1995,AVAILABLE,2282,5*,5,12,56,16
Aerified,93 Golf Street 2003,AVAILABLE,2046,5*,5,14,59,19
Matsoft,53 Ronald Regan Crossing 1991,AVAILABLE,2692,3*,5,12,1,17
Lotstring,45 Hagan Junction 2005,AVAILABLE,1042,3*,5,11,1,15
Sonsing,6 Hoepker Center 1988,AVAILABLE,2703,5*,5,14,36,15
Domainer,8 5th Place 2005,AVAILABLE,684,2*,5,13,52,20
Zoolab,4 Magdeline Road 1998,AVAILABLE,1287,5*,5,12,49,17
Wrapsafe,9654 Hansons Drive 2011,NOT AVAILABLE,1182,1*,5,15,54,19
Gembucket,18132 Homewood Drive 2005,NOT AVAILABLE,2701,5*,5,11,42,19
Zamit,08 Lighthouse Bay Park 2010,AVAILABLE,2363,4*,5,11,13,18
Sonsing,08786 Katie Crossing 2008,AVAILABLE,2636,1*,5,14,8,20
Pannier,75 Heffernan Pass 2009,NOT AVAILABLE,1510,2*,5,14,59,16
Stim,72703 Sundown Point 1988,NOT AVAILABLE,1597,2*,5,14,17,15
Konklux,0969 Anhalt Alley 2012,AVAILABLE,2605,5*,5,14,6,17
Andalax,9549 Lillian Plaza 1995,NOT AVAILABLE,762,5*,5,13,9,17
It,2 Prentice Point 2012,AVAILABLE,1790,1*,5,14,21,15
Y-Solowarm,735 Sage Plaza 2003,AVAILABLE,2285,2*,5,15,42,19
Lotstring,6915 Lerdahl Trail 2000,AVAILABLE,748,2*,5,12,3,19
Subin,82795 Mallard Lane 2006,NOT AVAILABLE,494,3*,5,12,36,18
Solarbreeze,2447 Barby Circle 2012,NOT AVAILABLE,2063,5*,5,12,11,19
Flowdesk,1514 Linden Hill 2006,AVAILABLE,2692,4*,5,12,11,18
Flexidy,14 South Drive 2009,AVAILABLE,1365,5*,5,12,41,20
Bitwolf,4426 Artisan Road 1967,NOT AVAILABLE,814,1*,5,14,56,16
Fintone,396 Debra Junction 2003,AVAILABLE,766,3*,5,13,45,16
Rank,02 School Court 2008,AVAILABLE,694,4*,5,11,10,18
Sonair,8630 Londonderry Park 2007,AVAILABLE,744,1*,5,15,13,19
Transcof,377 Hazelcrest Drive 1996,NOT AVAILABLE,2244,1*,5,15,23,17
Flexidy,5038 Talmadge Park 2006,NOT AVAILABLE,1902,1*,5,11,17,15
Temp,80330 Barby Avenue 2010,NOT AVAILABLE,625,3*,5,15,17,18
Latlux,65309 Fairview Avenue 2009,AVAILABLE,807,3*,5,13,16,16
Keylex,4374 Hooker Drive 2011,NOT AVAILABLE,2791,1*,5,12,11,18
Ventosanzap,1 Melby Point 2003,AVAILABLE,1365,4*,5,13,25,18
Konklux,21652 Longview Terrace 1997,NOT AVAILABLE,795,3*,5,11,41,20
Tempsoft,41982 Golf View Parkway 1989,AVAILABLE,1442,2*,5,11,14,15
Bitchip,87194 Grasskamp Junction 2005,AVAILABLE,2774,3*,5,11,28,18
Vagram,359 Lighthouse Bay Place 2002,AVAILABLE,1243,2*,5,15,31,16
Voltsillam,0191 Burrows Lane 2012,NOT AVAILABLE,2488,5*,5,13,12,17
Vagram,94489 Starling Street 1994,AVAILABLE,1232,2*,5,12,21,19
Redhold,19690 Basil Place 2002,NOT AVAILABLE,756,5*,5,11,24,19
Fintone,55 Roxbury Drive 2004,NOT AVAILABLE,1838,5*,5,13,38,19
Stronghold,2 Fieldstone Parkway 2009,NOT AVAILABLE,990,5*,5,12,32,19
Matsoft,590 Paget Parkway 2006,AVAILABLE,2218,1*,5,15,34,20
Sonair,52 Porter Street 2004,NOT AVAILABLE,611,2*,5,12,31,16
Fixflex,02 Onsgard Junction 2002,AVAILABLE,769,2*,5,14,9,20
Ventosanzap,449 Moulton Hill 2000,NOT AVAILABLE,466,3*,5,14,22,18
Wrapsafe,2 Kinsman Lane 2005,AVAILABLE,2344,5*,5,13,16,15
Regrant,4350 Acker Court 2009,NOT AVAILABLE,1851,5*,5,15,52,19
Pannier,911 Elmside Street 2008,NOT AVAILABLE,517,3*,5,11,13,18
Andalax,5 Leroy Hill 2008,AVAILABLE,495,5*,5,12,39,17
Bytecard,1866 Elgar Trail 1995,NOT AVAILABLE,2320,3*,5,12,45,17
Wrapsafe,951 Dunning Park 2008,AVAILABLE,2944,1*,5,14,3,16
Regrant,61 Elka Park 2003,AVAILABLE,2134,1*,5,13,50,16
Home Ing,543 Kingsford Parkway 2007,AVAILABLE,501,5*,5,14,30,18
Y-find,7928 Clemons Hill 1986,NOT AVAILABLE,1390,3*,5,12,32,16
Kanlam,8459 Forest Run Avenue 1985,AVAILABLE,2624,3*,5,11,24,16
Stringtough,73191 Del Mar Plaza 1986,AVAILABLE,1999,1*,5,15,4,15
Flowdesk,414 Victoria Center 2009,AVAILABLE,2555,2*,5,13,36,17
Wrapsafe,9646 Bayside Court 1989,AVAILABLE,2378,1*,5,12,6,16
Kanlam,25 Buell Terrace 2005,NOT AVAILABLE,2135,1*,5,11,10,20
Zoolab,0871 Grim Court 1998,AVAILABLE,1043,3*,5,12,3,18
Span,80163 Ronald Regan Way 2013,NOT AVAILABLE,1088,2*,5,11,13,15
Tempsoft,89547 Daystar Center 2007,AVAILABLE,2991,1*,5,15,32,19
Sonair,17249 Raven Plaza 2006,NOT AVAILABLE,801,4*,5,14,56,16
Lotstring,0067 Northview Place 2001,NOT AVAILABLE,1960,3*,5,11,39,20
Stronghold,2893 Ohio Pass 2002,AVAILABLE,1139,1*,5,11,16,18
Stronghold,51 Coleman Center 2002,NOT AVAILABLE,1703,3*,5,12,49,19
Sub-Ex,405 Chinook Junction 2005,AVAILABLE,961,3*,5,12,7,20
Alpha,49859 Artisan Point 2012,AVAILABLE,480,5*,5,14,5,18
Cardguard,815 Hallows Circle 2012,NOT AVAILABLE,873,4*,5,11,32,19
Veribet,96 Park Meadow Hill 1985,NOT AVAILABLE,2556,3*,5,12,29,15
Daltfresh,04131 Bartelt Drive 2006,AVAILABLE,556,1*,5,11,23,17
Cardify,59551 Forest Dale Road 2001,AVAILABLE,1739,5*,5,11,34,19
Stringtough,5493 Blue Bill Park Trail 1999,AVAILABLE,2146,3*,5,13,8,20
Biodex,177 Maple Wood Alley 1985,NOT AVAILABLE,2513,5*,5,13,33,18
Mat Lam Tam,9189 Gale Terrace 2011,NOT AVAILABLE,1782,3*,5,13,11,19
Zontrax,3 Hermina Junction 2005,AVAILABLE,1172,4*,5,11,57,20
Cookley,06763 American Ash Court 2000,NOT AVAILABLE,2351,2*,5,14,22,20
Duobam,65 Dennis Place 1986,AVAILABLE,2342,5*,5,15,28,16
Overhold,0363 Mcguire Circle 2009,NOT AVAILABLE,2488,3*,5,11,15,17
Zoolab,847 Sunfield Avenue 2004,NOT AVAILABLE,1896,2*,5,12,9,17
Bigtax,5 East Parkway 2003,NOT AVAILABLE,1453,5*,5,14,33,16
Latlux,13 Pepper Wood Park 2006,NOT AVAILABLE,759,3*,5,14,11,18
Otcom,4 Anniversary Street 1989,NOT AVAILABLE,1205,2*,5,14,51,20
Pannier,52 Del Mar Circle 2012,NOT AVAILABLE,1017,1*,5,14,29,15
Stim,8461 Towne Junction 2001,NOT AVAILABLE,2313,2*,5,14,24,15
Redhold,14 Evergreen Circle 2001,NOT AVAILABLE,2915,3*,5,11,42,20
Temp,5626 Summit Trail 2004,AVAILABLE,2304,4*,5,11,10,16
Lotstring,7 Buena Vista Way 1961,AVAILABLE,2511,4*,5,15,18,17
Pannier,18 Parkside Hill 1985,AVAILABLE,670,2*,5,14,37,16
Alpha,8793 American Ash Avenue 2006,NOT AVAILABLE,2419,4*,5,14,48,20
Zoolab,1 Wayridge Terrace 1998,AVAILABLE,1992,2*,5,15,6,19
Bamity,350 Armistice Street 2013,NOT AVAILABLE,1469,2*,5,13,51,20
Latlux,4 Shasta Lane 2006,NOT AVAILABLE,2342,5*,5,14,60,16
Namfix,03 Sunnyside Terrace 2003,AVAILABLE,1985,1*,5,12,3,20
Subin,3 Oakridge Street 1998,NOT AVAILABLE,1266,3*,5,14,53,20
Viva,2320 Manley Avenue 1994,NOT AVAILABLE,1967,1*,5,12,32,19
Fintone,3 Texas Circle 2012,NOT AVAILABLE,2048,1*,5,15,40,18
Alpha,73 Eastwood Park 2008,NOT AVAILABLE,2452,3*,5,12,7,19
Asoka,32 Westerfield Center 1993,AVAILABLE,1831,2*,5,11,33,15
Tresom,0326 Morrow Alley 2012,AVAILABLE,2662,5*,5,12,17,20
Cookley,3 4th Trail 1992,NOT AVAILABLE,672,3*,5,12,28,16
Regrant,7692 Express Place 2005,NOT AVAILABLE,1456,1*,5,14,14,15
Rank,5 Bonner Pass 2008,AVAILABLE,2892,4*,5,14,32,15
Transcof,613 Kedzie Pass 1992,AVAILABLE,2712,4*,5,12,30,20
Toughjoyfax,86 Michigan Plaza 1991,NOT AVAILABLE,1725,1*,5,12,14,18
Gembucket,2049 Pine View Court 2002,AVAILABLE,2181,5*,5,13,27,19
Veribet,04839 Amoth Parkway 1993,AVAILABLE,2567,1*,5,14,44,18
Sonair,852 Valley Edge Center 2010,NOT AVAILABLE,417,3*,5,11,50,17
Konklux,95579 Melrose Point 1996,NOT AVAILABLE,769,5*,5,12,14,18
Hatity,66 Oxford Way 2001,NOT AVAILABLE,848,3*,5,14,34,16
Zoolab,755 Merry Terrace 1995,AVAILABLE,1675,3*,5,12,32,17
Viva,904 Johnson Pass 2002,AVAILABLE,2185,2*,5,13,33,16
Toughjoyfax,8 Roxbury Plaza 2006,AVAILABLE,2632,3*,5,12,33,18
Zamit,99400 Lukken Circle 1968,NOT AVAILABLE,982,4*,5,13,56,18
Sonair,53 Lillian Junction 1993,AVAILABLE,1709,3*,5,11,22,17
Alphazap,30 Toban Point 1988,AVAILABLE,1934,2*,5,13,7,20
Veribet,685 Onsgard Court 1991,AVAILABLE,1481,5*,5,15,33,17
Bigtax,97 Hanover Court 1992,NOT AVAILABLE,929,1*,5,12,43,16
Voyatouch,00952 Havey Circle 2000,AVAILABLE,2675,3*,5,11,7,19
Span,1 Browning Avenue 1995,AVAILABLE,716,3*,5,12,38,15
Solarbreeze,9 Ridgeview Trail 1967,NOT AVAILABLE,2410,3*,5,13,2,19
Ventosanzap,7 Truax Court 2008,NOT AVAILABLE,1668,5*,5,13,60,17
Zathin,54 Melvin Junction 1989,NOT AVAILABLE,2179,5*,5,15,42,20
Voltsillam,38385 Transport Place 1993,AVAILABLE,1356,3*,5,11,51,20
Job,3133 Johnson Circle 2009,NOT AVAILABLE,2252,3*,5,13,26,20
Ventosanzap,7029 Aberg Road 2007,NOT AVAILABLE,2544,1*,5,13,13,16
Solarbreeze,6763 Talisman Pass 1999,NOT AVAILABLE,2728,5*,5,12,1,20
Hatity,851 Transport Junction 2009,NOT AVAILABLE,1626,1*,5,15,56,19
Zontrax,153 Arrowood Hill 2008,NOT AVAILABLE,477,1*,5,14,55,18
Tresom,56 Longview Crossing 2006,NOT AVAILABLE,1605,4*,5,13,31,15
Trippledex,97549 Forest Dale Court 2001,NOT AVAILABLE,2635,5*,5,13,1,18
Zontrax,1 Bashford Point 2007,NOT AVAILABLE,2382,2*,5,13,25,16
Voltsillam,8 Division Lane 2010,AVAILABLE,1800,2*,5,14,15,18
Zathin,208 Vermont Street 2007,AVAILABLE,854,2*,5,12,51,20
Stronghold,79062 Eggendart Crossing 2006,AVAILABLE,458,2*,5,12,13,16
Viva,50 Corscot Terrace 1999,AVAILABLE,772,4*,5,14,46,19
Flexidy,0 Bellgrove Hill 1992,NOT AVAILABLE,934,5*,5,14,8,19
Holdlamis,713 Corry Center 2008,NOT AVAILABLE,535,2*,5,13,24,20
Alphazap,64908 Sutteridge Crossing 1996,AVAILABLE,548,2*,5,13,9,17
Stronghold,48488 Independence Terrace 2010,AVAILABLE,1853,3*,5,12,35,20
Zathin,54838 Banding Point 2008,AVAILABLE,1150,4*,5,12,4,16
Bigtax,31 Lighthouse Bay Alley 1993,NOT AVAILABLE,1264,4*,5,13,24,19
Duobam,58 8th Crossing 2012,NOT AVAILABLE,1016,4*,5,15,30,17
Duobam,4 Calypso Hill 1985,NOT AVAILABLE,1899,5*,5,12,19,19
Cardguard,3 Magdeline Plaza 2006,AVAILABLE,2158,1*,5,11,23,17
Zoolab,50431 Birchwood Trail 1980,AVAILABLE,1463,3*,5,14,22,19
Solarbreeze,792 Service Lane 1996,AVAILABLE,926,5*,5,14,27,20
It,3 Westridge Plaza 1995,AVAILABLE,2097,5*,5,15,11,16
Voyatouch,50 Eliot Drive 1992,NOT AVAILABLE,1184,5*,5,15,38,16
Toughjoyfax,34514 Victoria Trail 1993,AVAILABLE,895,2*,5,14,20,15
Treeflex,9335 Golden Leaf Avenue 2005,NOT AVAILABLE,2457,4*,5,14,50,18
Asoka,84761 Golf Course Terrace 1990,NOT AVAILABLE,1841,4*,5,12,22,19
Aerified,6 Dixon Trail 1996,NOT AVAILABLE,2559,2*,5,11,18,20
Konklux,3 Eliot Crossing 1989,AVAILABLE,1746,5*,5,11,43,20
Flexidy,7949 Portage Pass 1995,NOT AVAILABLE,621,4*,5,14,56,17
Zathin,8263 Tennyson Plaza 2007,AVAILABLE,923,3*,5,11,42,17
Home Ing,3619 Kings Pass 1996,AVAILABLE,2113,5*,5,12,50,17
Matsoft,98 Huxley Parkway 1991,NOT AVAILABLE,1496,3*,5,13,9,20
Transcof,61 Graceland Point 2001,NOT AVAILABLE,2872,2*,5,11,15,15
Flexidy,6 Stoughton Trail 2009,NOT AVAILABLE,1090,1*,5,13,27,17
Cardguard,6245 Warner Alley 2003,AVAILABLE,2923,1*,5,14,58,20
Zamit,882 Sundown Junction 2009,AVAILABLE,840,3*,5,15,22,17
Konklab,8 1st Trail 2010,AVAILABLE,1643,5*,5,12,24,18
Span,65 Golf Course Place 1988,AVAILABLE,2610,1*,5,13,38,18
Tres-Zap,42142 Carpenter Point 2009,NOT AVAILABLE,2088,4*,5,13,5,20
Y-find,59358 Village Point 2008,NOT AVAILABLE,498,3*,5,12,24,19
Cardify,4813 Dawn Plaza 2012,AVAILABLE,2738,3*,5,13,36,20
Hatity,677 Reinke Drive 2000,NOT AVAILABLE,2193,3*,5,11,32,20
Gembucket,3624 Talisman Park 1992,AVAILABLE,529,4*,5,14,5,18
Zathin,720 Holmberg Road 2010,AVAILABLE,2743,5*,5,12,16,18
Transcof,265 Scoville Trail 1996,AVAILABLE,1220,4*,5,14,19,16
Tres-Zap,40522 Clyde Gallagher Street 2007,NOT AVAILABLE,2282,4*,5,12,32,18
Zoolab,418 Moose Drive 2008,AVAILABLE,2552,4*,5,12,4,16
Sonair,9 Jay Alley 2005,AVAILABLE,2990,3*,5,13,42,18
Biodex,69680 Warner Point 2003,AVAILABLE,1748,1*,5,15,26,18
Transcof,863 Park Meadow Place 2005,AVAILABLE,1530,2*,5,14,16,19
Latlux,2 Novick Place 1997,NOT AVAILABLE,2729,4*,5,12,8,18
Vagram,0 South Plaza 2008,NOT AVAILABLE,1430,5*,5,13,15,18
Zamit,5301 Carioca Road 2009,AVAILABLE,2849,5*,5,12,30,20
Alpha,42199 Hintze Center 1999,NOT AVAILABLE,692,2*,5,15,15,15
Voltsillam,96784 Fairview Alley 1996,NOT AVAILABLE,2838,4*,5,12,48,19
Alpha,102 Village Plaza 2010,AVAILABLE,1422,4*,5,11,26,19
Domainer,9 Sauthoff Way 2003,NOT AVAILABLE,2152,5*,5,12,5,19
Y-Solowarm,9 Forest Lane 1995,NOT AVAILABLE,2974,3*,5,14,43,16
Prodder,1 Shoshone Place 1987,NOT AVAILABLE,1325,2*,5,11,14,19
Lotlux,49838 Everett Park 2005,AVAILABLE,2317,4*,5,12,7,17
Trippledex,707 Erie Road 1995,AVAILABLE,2039,4*,5,12,19,19
Flexidy,45179 Barnett Court 1989,AVAILABLE,921,5*,5,14,6,20
Sonsing,4120 Kenwood Court 2002,AVAILABLE,2963,3*,5,14,33,17
Overhold,2 Moland Alley 1989,AVAILABLE,2787,3*,5,15,6,20
Namfix,2451 Dayton Junction 2008,NOT AVAILABLE,1824,1*,5,15,35,19
Wrapsafe,04 South Junction 2000,AVAILABLE,2505,4*,5,12,1,20
Stim,38555 Banding Junction 1997,NOT AVAILABLE,2186,5*,5,14,4,15
Voltsillam,7 Blaine Place 1994,AVAILABLE,1989,5*,5,11,37,16
Bitwolf,760 Hudson Terrace 1993,AVAILABLE,449,5*,5,14,42,17
Namfix,529 Lawn Junction 2006,AVAILABLE,808,5*,5,15,10,16
Prodder,1476 Dapin Point 2013,NOT AVAILABLE,2553,4*,5,14,33,15
Pannier,33461 8th Court 2008,AVAILABLE,1624,5*,5,15,26,16
Bamity,292 Jenna Street 2011,AVAILABLE,476,3*,5,13,51,20
Stringtough,1 Melvin Crossing 2011,NOT AVAILABLE,691,4*,5,12,28,19
Bamity,7432 Luster Alley 1991,NOT AVAILABLE,2316,2*,5,12,34,20
Fintone,1040 Bunker Hill Hill 2011,AVAILABLE,1051,4*,5,12,4,15
Trippledex,86 Marquette Crossing 1992,AVAILABLE,1422,3*,5,14,18,18
Cardguard,97093 School Center 2006,AVAILABLE,615,1*,5,15,46,16
Bitwolf,8 Elgar Terrace 2009,AVAILABLE,521,5*,5,14,59,17
Fix San,6 Garrison Center 1996,NOT AVAILABLE,2173,1*,5,12,42,18
Lotlux,46369 Crownhardt Place 2007,AVAILABLE,2677,4*,5,12,46,20
Home Ing,27 Sycamore Court 2007,NOT AVAILABLE,1898,2*,5,12,50,20
Sonair,02 Melody Crossing 1993,AVAILABLE,704,2*,5,15,35,19
Alpha,49925 Corry Alley 2005,NOT AVAILABLE,2749,3*,5,14,21,19
Sub-Ex,56390 Oneill Park 1995,AVAILABLE,2337,5*,5,11,20,18
Zathin,03 Jenna Lane 2002,NOT AVAILABLE,2943,5*,5,13,44,19
Tresom,0334 Main Street 1990,NOT AVAILABLE,1967,1*,5,14,14,17
Trippledex,299 Village Green Lane 1995,AVAILABLE,2380,5*,5,15,59,18
Subin,65 Ridge Oak Court 1997,AVAILABLE,2511,5*,5,14,20,20
Fintone,6 Golf Trail 2009,AVAILABLE,1330,2*,5,11,29,20
Zathin,6 Jay Plaza 2009,NOT AVAILABLE,511,3*,5,12,10,20
Konklux,4214 Lotheville Crossing 1994,AVAILABLE,786,4*,5,12,39,20
Lotlux,6 Bunting Drive 2006,NOT AVAILABLE,2021,1*,5,15,50,17
Konklux,4390 Truax Street 2006,AVAILABLE,1488,1*,5,13,42,17
Cardify,5614 Mendota Terrace 2011,AVAILABLE,1617,3*,5,11,57,19
Asoka,84328 Sutteridge Point 2005,NOT AVAILABLE,2607,1*,5,12,1,16
Kanlam,48 Stephen Alley 1992,NOT AVAILABLE,1071,4*,5,12,24,18
Daltfresh,5 Sullivan Road 1987,NOT AVAILABLE,1479,1*,5,13,19,15
Zamit,4 Milwaukee Street 1992,NOT AVAILABLE,577,1*,5,12,51,18
Alpha,3 Leroy Street 1996,NOT AVAILABLE,1319,2*,5,12,17,19
Voyatouch,016 Jay Trail 2001,AVAILABLE,1647,5*,5,13,32,20
Latlux,3458 Drewry Drive 1997,NOT AVAILABLE,1388,5*,5,11,1,20
Tampflex,4 Fordem Place 2012,AVAILABLE,497,3*,5,12,31,19
Hatity,394 Merchant Avenue 2008,AVAILABLE,2991,4*,5,14,30,16
Greenlam,8 Mockingbird Trail 2002,NOT AVAILABLE,1744,5*,5,15,50,18
Y-Solowarm,0708 Starling Point 2012,NOT AVAILABLE,1545,1*,5,11,9,18
Flowdesk,043 Birchwood Plaza 2000,AVAILABLE,576,4*,5,15,39,18
Fixflex,6 Brickson Park Circle 2008,AVAILABLE,1726,1*,5,12,5,15
Temp,1699 Randy Avenue 2008,NOT AVAILABLE,1528,3*,5,11,11,18
Stim,0 Fallview Avenue 2008,AVAILABLE,1075,4*,5,13,30,18
Treeflex,3 Scott Center 1998,NOT AVAILABLE,2644,1*,5,11,27,18
Gembucket,200 Bobwhite Point 1996,AVAILABLE,1183,5*,5,12,19,18
Cardguard,772 Northport Point 1996,NOT AVAILABLE,554,4*,5,15,21,16
Y-Solowarm,41 Merry Street 1997,NOT AVAILABLE,1696,2*,5,15,42,20
Tempsoft,7 Arkansas Alley 2006,NOT AVAILABLE,878,5*,5,11,17,18
Domainer,50 Hansons Avenue 1998,NOT AVAILABLE,1891,2*,5,13,9,18
Wrapsafe,72529 Heath Hill 2000,NOT AVAILABLE,1825,1*,5,14,7,20
Zathin,5 Grim Way 1990,NOT AVAILABLE,2144,4*,5,14,8,16
Stim,6 Kings Pass 1997,AVAILABLE,1570,4*,5,14,26,19
Temp,1717 Ridgeway Lane 1999,NOT AVAILABLE,1880,4*,5,11,30,20
Cardify,7270 Monica Lane 2004,AVAILABLE,1060,4*,5,11,27,17
Greenlam,3 Division Way 2006,NOT AVAILABLE,737,5*,5,13,6,18
Tempsoft,685 Annamark Trail 2005,AVAILABLE,2189,5*,5,12,33,18
Pannier,5566 Redwing Court 2001,NOT AVAILABLE,1828,5*,5,12,17,19
Sonsing,0127 Lakewood Crossing 2005,AVAILABLE,1940,2*,5,14,7,18
Bamity,3804 Fairview Lane 2008,AVAILABLE,1313,1*,5,13,43,18
Rank,7936 Fairfield Road 2011,NOT AVAILABLE,2348,4*,5,13,38,17
Alphazap,1756 Moland Point 1997,NOT AVAILABLE,1186,5*,5,12,4,17
Quo Lux,24 Emmet Circle 2001,NOT AVAILABLE,2431,3*,5,11,42,19
Bytecard,3920 Welch Center 1984,NOT AVAILABLE,2856,2*,5,15,6,20
Fix San,951 Ryan Alley 2012,AVAILABLE,1774,3*,5,14,5,17
Subin,55337 Graedel Way 2011,NOT AVAILABLE,2634,5*,5,15,20,19
Solarbreeze,1 Bunker Hill Avenue 2006,AVAILABLE,1161,5*,5,13,57,16
Mat Lam Tam,053 Victoria Street 1992,AVAILABLE,1975,5*,5,14,17,16
Zaam-Dox,04 Lotheville Avenue 1992,AVAILABLE,2050,3*,5,11,5,17
Viva,56 Hooker Plaza 1994,AVAILABLE,1607,1*,5,11,37,17
Zontrax,8 Crest Line Court 1963,AVAILABLE,1735,4*,5,15,55,18
Trippledex,40423 Ohio Parkway 1993,NOT AVAILABLE,1544,1*,5,13,7,15
Fintone,8 Raven Center 1999,NOT AVAILABLE,598,3*,5,15,53,16
Kanlam,9 Monterey Junction 1988,NOT AVAILABLE,2009,1*,5,13,47,16
Hatity,42 Melby Alley 2006,AVAILABLE,2858,4*,5,12,15,17
Vagram,58620 Brown Center 1996,AVAILABLE,2077,5*,5,13,22,17
Sub-Ex,96199 Manufacturers Park 2002,AVAILABLE,1530,1*,5,13,22,19
Ventosanzap,3 Maple Alley 2005,NOT AVAILABLE,2364,2*,5,14,11,15
Rank,2 Fuller Plaza 1984,NOT AVAILABLE,534,3*,5,13,7,20
Veribet,971 Logan Lane 2008,NOT AVAILABLE,617,4*,5,12,17,20
Bitchip,6 Springs Place 2005,AVAILABLE,1060,1*,5,12,39,15
Fixflex,21289 Delaware Way 1996,AVAILABLE,1729,1*,5,13,49,17
Voyatouch,1871 Myrtle Avenue 2006,NOT AVAILABLE,2463,4*,5,15,31,17
Viva,56 Schmedeman Plaza 2001,AVAILABLE,1947,5*,5,12,56,18
Lotstring,51 Kedzie Trail 2009,AVAILABLE,2511,5*,5,15,54,17
Zathin,31 Center Circle 2006,AVAILABLE,421,1*,5,15,44,19
Duobam,125 Cordelia Crossing 1995,NOT AVAILABLE,2123,3*,5,13,39,15
Sonsing,77092 Washington Place 1991,AVAILABLE,1708,1*,5,12,8,16
Vagram,0 Anzinger Trail 2006,AVAILABLE,1402,4*,5,13,4,18
Zoolab,81920 Buena Vista Park 2008,AVAILABLE,753,2*,5,14,55,19
Kanlam,36 Reindahl Plaza 2010,AVAILABLE,1880,3*,5,12,22,15
Clonidine Hydrochloride,9965 International Place 1992,AVAILABLE,90772,4*,7,17,34,14
Doxycycline Hyclate,148 North Place 2000,AVAILABLE,26833,2*,7,16,17,13
D - TIME,6523 Anthes Park 2003,NOT AVAILABLE,26689,3*,7,18,56,13
Clearskin,791 Starling Point 2005,NOT AVAILABLE,7670,1*,7,18,49,12
Kidney Bean,7 Forest Dale Parkway 1995,AVAILABLE,26646,3*,7,20,17,11
PAXIL,974 Jenna Junction 2008,NOT AVAILABLE,78029,4*,7,20,35,13
AMBROSIA TENUIFOLIA POLLEN,00 Spenser Terrace 2001,NOT AVAILABLE,19209,5*,7,20,14,11
Selsun Blue Normal to Oily,71 Longview Park 1991,NOT AVAILABLE,61468,1*,7,20,19,14
childrens pain and fever,86 Red Cloud Trail 2011,AVAILABLE,99110,5*,7,19,48,14
Care One Calcium Antacid,24 Texas Drive 2009,AVAILABLE,89975,3*,7,19,10,13
Zolpidem Tartrate,865 Ridgeway Place 2009,AVAILABLE,4266,5*,7,18,22,11
RIZATRIPTAN Benzoate,88 Forest Dale Hill 2008,AVAILABLE,29494,5*,7,19,7,12
Lycopodium Berberis,28545 Lillian Drive 1997,NOT AVAILABLE,27438,3*,7,17,20,13
sinus relief,6 Bellgrove Pass 1998,NOT AVAILABLE,61032,2*,7,16,1,12
Neosporin Plus Pain Relief Maximum Strength,0 Service Road 1998,NOT AVAILABLE,65251,2*,7,17,53,13
Long Lasting Finish with Comfort Serum,0863 Bonner Parkway 2009,NOT AVAILABLE,96166,3*,7,20,16,13
Letrozole,4526 Armistice Pass 1993,AVAILABLE,85188,1*,7,16,48,12
Amiloride Hydrochloride and Hydrochlorothiazide,92 Lien Place 2000,NOT AVAILABLE,71133,5*,7,20,54,13
AMRIX,40133 Bunting Place 2009,NOT AVAILABLE,9548,2*,7,19,33,11
Codeine-Guaifenesin,25 Sheridan Road 1992,NOT AVAILABLE,56684,4*,7,19,20,13
Pan-Zyme-S,86 Truax Road 2007,AVAILABLE,85755,5*,7,19,25,11
Mercurius auratus 15 Special Order,2 Stephen Parkway 2001,NOT AVAILABLE,81629,2*,7,17,25,12
FUROSEMIDE,049 Stuart Street 1998,AVAILABLE,10185,2*,7,19,51,14
Soft Care Neutra Germ Fragrance Free Antibacterial,2 Pankratz Street 1995,AVAILABLE,30137,1*,7,17,14,13
Buspirone Hydrochloride,09 Dawn Plaza 2008,AVAILABLE,90509,3*,7,19,58,12
Carbon Dioxide,75189 Duke Center 2007,NOT AVAILABLE,42916,4*,7,17,5,12
St. Ives,285 Myrtle Avenue 1990,AVAILABLE,48155,4*,7,20,30,13
Oxygen,979 John Wall Place 2005,NOT AVAILABLE,16725,4*,7,20,31,13
Alba Botanica Natural Very Emollient Daily Shade SPF15,5670 Sloan Circle 2003,AVAILABLE,87364,3*,7,18,25,13
Chlorhexidine Gluconate,6 Linden Point 1996,AVAILABLE,75059,1*,7,19,1,11
REMERON,4550 Sheridan Avenue 1993,NOT AVAILABLE,32432,2*,7,18,23,13
FINASTERIDE,09944 Roxbury Point 1998,NOT AVAILABLE,67172,2*,7,17,46,14
Buspirone Hydrochloride,1 Packers Parkway 1986,NOT AVAILABLE,8367,4*,7,19,15,14
Ferralet 90,2390 Blue Bill Park Parkway 2002,AVAILABLE,34909,2*,7,17,11,12
Kogenate FS,486 Springs Alley 2006,AVAILABLE,8385,2*,7,18,17,11
KMS California Head Remedy Dandruff,683 Annamark Road 1997,AVAILABLE,17071,4*,7,16,45,14
Nostalgia,87 Texas Point 2011,AVAILABLE,4342,3*,7,16,7,13
Thyrogen,8635 Shelley Lane 2005,AVAILABLE,59534,5*,7,19,33,13
Pleo Not,68 Tennyson Pass 2004,NOT AVAILABLE,5705,1*,7,17,2,11
HOMATROPINE HYDROBROMIDE OPHTHALMIC,4272 Sunnyside Road 2004,NOT AVAILABLE,39834,5*,7,17,30,12
Clean and Clear Advantage Oil Absorbing Cleanser,8571 Pepper Wood Plaza 2005,NOT AVAILABLE,73214,5*,7,17,21,14
Natural Tan,0068 Anhalt Street 2003,NOT AVAILABLE,51601,1*,7,19,15,14
TRICITRATES,8 Springs Terrace 2010,AVAILABLE,29924,5*,7,17,59,13
NS Support,890 Welch Avenue 2010,NOT AVAILABLE,16140,3*,7,18,26,14
Allscale,39912 8th Drive 2002,AVAILABLE,58936,4*,7,18,29,12
Amlodipine Besylate,7762 Lyons Center 1994,AVAILABLE,84587,5*,7,16,27,13
Coachs First Aid Contains 102 Pieces,8 Schurz Alley 1995,NOT AVAILABLE,64819,5*,7,17,43,14
daytime pe nitetime,0 Jay Center 2005,NOT AVAILABLE,51419,4*,7,19,49,12
ONDANSETRON HYDROCHLORIDE,1539 Bowman Circle 1970,NOT AVAILABLE,90816,4*,7,19,39,12
Esterified Estrogens and Methyltestosterone,0 Tennessee Lane 1992,AVAILABLE,48410,1*,7,18,30,13
Furosemide,33156 Walton Drive 1997,NOT AVAILABLE,28932,1*,7,18,43,14
Mold Relief Formula,3 Westridge Way 1993,AVAILABLE,88428,2*,7,16,44,12
BENZALKONIUM CHLORIDE AND LIDOCAINE HYDROCHLORIDE,07136 Reindahl Hill 2006,AVAILABLE,22720,5*,7,20,35,13
Gabapentin,48 Kipling Crossing 1999,NOT AVAILABLE,75817,5*,7,18,22,12
Gonak Hypromellose,0463 Lighthouse Bay Junction 2007,AVAILABLE,91272,1*,7,19,9,14
Ibuprofen,007 Buena Vista Terrace 2000,AVAILABLE,28105,3*,7,18,58,13
BIO-MEGA,2 Donald Center 1992,NOT AVAILABLE,38388,5*,7,18,42,11
Jet Lag,677 Gale Center 1998,NOT AVAILABLE,41205,4*,7,19,22,14
Kadian,85133 Spaight Place 1993,NOT AVAILABLE,6027,3*,7,20,48,11
Alprazolam,7 3rd Court 1978,NOT AVAILABLE,99578,2*,7,17,25,12
Sore Throat,93029 Logan Point 1996,AVAILABLE,82285,3*,7,19,57,11
Western Water Hemp,824 Barnett Plaza 2011,NOT AVAILABLE,5060,5*,7,18,18,14
ROBITUSSIN LINGERING COLD LONG-ACTING COUGH,392 Ridgeway Plaza 2012,AVAILABLE,46501,4*,7,19,44,14
Pramipexole Dihydrochloride,5 Moland Terrace 1994,AVAILABLE,22792,5*,7,20,54,14
Glyburide and Metformin,09231 Bluestem Avenue 2003,AVAILABLE,79781,2*,7,18,8,14
Azithromycin,0426 Porter Circle 2006,AVAILABLE,84285,4*,7,19,25,11
Childrens Cough and Bronchial,50 Logan Parkway 2000,NOT AVAILABLE,53265,2*,7,17,34,14
Lithium Carbonate,8 Upham Junction 1999,AVAILABLE,7700,1*,7,18,52,11
Surgical Scrub,40 Iowa Drive 2002,AVAILABLE,99404,5*,7,19,36,11
PROPOLIS,21 Truax Plaza 1997,AVAILABLE,59930,3*,7,18,27,11
